rating,review_text,sentiment,predicted_sentiment
5,its good,1,1
5,whatsapp not working well always shows offline please sort out my problem,1,1
5,oppo not corresponding share with me the official app oppor7,1,1
5,excellent app great communication super connect that wonderful easy to connect especially overseas platforms,1,1
4,simply the est for chat and callsi love it,1,1
5,good but i need whatsapp premium features,1,1
5,awesome i just need it to download and install,1,1
5,very nice app thnx so much,1,1
2,whatsapp web not working camera focus not working,0,0
5,nice and good to use,1,1
5,this account can no longer use watsapp due to spam kyu ho raha hey,1,0
4,forever controversy workshop lawyer carbon insurance hide glad violate raise good rush cop blame adolescent intensity lower opportunity survey steal burn bag adventure board option,1,1
4,ive been using this app for years and i just absolutely love all the features recently the app has introduced a new chat lock feature and i would say that this feature is a very needed one as well because ive been struggling with some privacy issues personal i cannot use this feature on my redmi 8a dual because its an older phone and im terribly disappointed could you please let the users of older phones also have this feature it would be very useful expecting a quick response,1,0
1,they banned my account more than 9 times i didnt know what i did,0,0
1,bad every day ban whatsapp,0,0
5,its the most convenient and easytouse application for a communication with your international friends colleagues customers ,1,1
5,install it very good application,1,1
1,my whatsap was hacked,0,1
5,not like othersits better,1,1
5,im still a novice with this app i need help,1,1
1,whatsapp are poor quality server,0,0
5,i want to upgrade my whatsapp please,1,0
5,nicely done,1,1
5,my name is amobi chris i am giving whatsapp 5 star review to show my appreciation for restoring my account back to my i love whatsapp ,1,1
5,better than viber and skype thank you for giving replys  bye,1,1
2,chat wallpaper flickering this update,0,0
1,i try to change my number i did not get the code now i dot have whatsapp anymore just a permanent screen that prompt me to send a code that dont work and it doesnt show my chat anymore i cannot use anymore a qr code would be so much better i give you 1 star,0,0
5,use facebook account,1,1
5,it ok,1,1
5,very useful app ever,1,1
4,thanks you,1,1
5,this is so straight enough imagine sometimes it with only 3mbs thats amazing,1,1
5,whatsapp good bat net slow end call,1,1
4,it does what its meant to do i guess meta ai sucks,1,0
1,please give us fieture tag everyone we neeeeeed thisssss,0,0
5,i want you to add a feature in contacts to hide someones contact so my wife wouldnt know that whos number is this she is very suspicious,1,0
5,its a good app for people message from far away i love whatsapp,1,1
5,its quite interesting but sometimes runs slow but i love it,1,1
4,this is my mostly used communication app and i love this app,1,1
4,easy to use,1,1
1,trying unmute most of contact and messages but not responding looks like no broker hacker is using my duplicate ph no and airtell no privacy and giving all access to hacker,0,0
5,new cover whatsapp maseenger,1,1
4,send otp,1,1
1,i cant understand this new feature can any one please understand me the same features,0,0
1,this account can no longer use whatsapp business recent activity on this account does not follow the whatsapp business terms of service on sending spam or other impermissible communications this accounts business info and chats are still on this device,0,0
2,this whatsapp its very hassle why because im log in today then tomorrow i cant open it because may account is spam why i hope fix it,0,0
1,no quick respond from others,0,1
5,it is nice,1,1
4,hello ive been recently having problem with gifs they wont load i searched in google and it said to clear cache but will clearing cache loose all my messages,1,0
5,l need my whats app back,1,1
5,sir please unbanned my whatsapp,1,1
5,bad  service in pakistan otherwise it will be finished,1,1
5,nice and cool very nice actually,1,1
5,you need the official whatsapp to log in  you need the official whatsapp to log in problem aapko whatsapp login karte waqt error aa raha hai you need the official whatsapp to log in ya phir this account can no longer use whamore,1,1
1,whats app is not open,0,1
5,is the best app,1,1
5,very nice  good to use simple to learn,1,1
5,verification code is not received my mobile,1,0
1,nothing better since my last update every morning when i tried to check messages on my phone its only spammed messages i seeyet i didnt violet your terms of service whats wrong with this platform now it was reliable way to use for different purposes but now its not work like that,0,0
5,it messages easily to everyone and i like this app so much,1,1
1,it keeps sending me out and its annoying plz stop it,0,0
5,the problem i have here is i cant download profile pictures  the same way i cant take screenshots too,1,0
5,i need to asst about my whatsappa account,1,1
4,i star 4 because i want a little bit but very helpful change in whatsapp pls add the option to cut part in video note and also increase the timeline of video note,1,1
1,not open whatsapp,0,1
4,it is normal,1,1
1,i do not enjoy using this whatsapp because when i send people messages they do not go through,0,1
5,it the best messaging app to ever exist,1,1
5,rete this app,1,1
5,l recommend this app coz llike ut,1,1
5,whatsapp100100,1,1
1,open whatsapp,0,1
1,there is so many song are not added,0,0
5,the app is a very nice app maybe you guy should add something like filter to the video and camera settings,1,1
5,i love chat,1,1
5,very informative,1,1
5,i enjoy the app,1,1
4,being in a ldr marriage can be tough at times communication is a big part of the reason my marriage works whatsapp has been my husbands and i main form of communication since we were in the courtingdating stage of our relationship its reliable for the most part and we have had minimal issues definitely would recommend for those who wish to keep in touch with love ones who are overseas,1,1
5,the used of whatsapp brings a lot of many questions about the same thing as a good time for me and my friend ,1,1
5,this app is soo cool,1,1
4,pls i want chat with my watsapp but he s not working,1,1
2,slow updating,0,0
5,i have really helped a lot of people there who had the same interest as meq,1,1
5,very good app,1,1
1,the backup restore is random,0,0
1,my whatsapp massager is stopping,0,0
1,the problem is that the word bio has a limited duration and then disappears this is a very bad problem please fix it,0,0
5,very useful,1,1
1,chatlock option is worthless it doesnt give any backup and only option ia unlock and clear chat i hate this option,0,0
1,i what my messages back on whatsapp please because i dont know how retrieve my messages how do i report threatend message on whatsapp and i cant see about,0,0
1,my whatsapp nomber dont want work my whatsapp number is not working,0,0
5,very easy,1,1
1,i love whatsapp because its very good to us we can use it to chat get information and to communicate,0,1
5,best app i really like using it,1,1
5,i enjoy using whatsapp messager but i have small issues why my whatsapp always lock please check my whatsapp,1,1
5,great good luck,1,1
5,its nice,1,1
5,very interesting,1,1
4,my experience is very good,1,1
1,my whatsapp do not opening,0,0
5,very nice app and easy to use,1,1
5,it is good,1,1
5,this app is nice,1,1
2,you experience lots of hitched with your app  instead of increasing featured try working on the lapses  im tired abeg,0,1
2,awesome thanks,0,1
4,gbox is a very good app but only one problem they do not support whatsapp,1,1
1,edit personalized read receipts only then blue ticks on for a few chats and not for everyone that will be such a handy feature to have 1 starring tk change from 5 so it comes up as a new comment  is it possible to add an authentication password so that i can log out without unlinking it  next time i use it i just have to type in my password without looking for my cell  pick where i left,0,0
5,convenient fast and easy in business and also personal usage,1,1
1,i have a problem with login to another new phone,0,0
5,my whatsapp is not updating,1,1
1,unable to lock chats again and again showing set up device passcode even after setting up a password it is still the same worst really worst,0,0
5,the best communications app,1,1
4,there should be a send schedule,1,1
1,help my whattsapp number is banned i am facing a problm whattsapp this account is not allowed to use whattsapp due to spam please fix this problm and return to review my whattsapp number i have not did anything against whatsapp policy and rules i am sure that my number has been banned by mistake please review my request my whattsapp number thanks and regards,0,0
1,why i cant pin the massage l please fix it,0,0
5,please open,1,1
5,easy to reach,1,1
5,its fantastic its the app i use the most,1,1
5,good for use,1,1
5,thanks for your help,1,1
1,i absolutely hate how whatsapp is forcing me to update the app when its completely fine as it isit wont let me access the appi cant receive messages nor send them because i have to get gain space inorder to download update for te new whatsapp,0,0
1,why the about status has only 50 characters now and why on earth does it have a timer now i dont understand why developers want whatsapp to be like other social media platforms,0,0
5,good experiences with whatsapp,1,1
1,there is an issue of the keyboard in only whatsapp,0,0
4,i think you should remove the channel option from whatsapp its not important make whatsapp simple messenger application,1,1
5,best application,1,1
5,best app for remaining in touch with friends and loved ones broadcast msg limit is very less it can be 500 pm,1,1
2,i have 2 whatsapp number running in 1 app the other number never get any notification i must switch accounts regularly why create a feature for running 2 numbers at the same time but you must switch regularly what concept is that,0,0
1,it suddenly stopped working i open the app and it closes immediately,0,0
1,very bad app my watsapp account banned since 10 days poor app bad poor,0,0
5,whatsapp is a good app in my opinion,1,1
5,this app are usefull,1,1
4,thank you,1,1
4,can u add themes option for home screen of whatsapp it would be very helpful and make the app look more interesting,1,1
5,this application is good to connect with each other,1,1
5,nice thanks my watsapp,1,1
5,the best app good and correct in the whatsapp group,1,1
2,arratai is best,0,1
5,i love the whatsapp,1,1
4,wine embrace investigate regime stone composition sector guilty fate gender hungry perception everybody subject license cable master audience complain mood planning perception jump have get sea professor especially shopping horse watch joy oh volume unfortunately extremely fine half surprised staff write fall user investigator athlete their scared strengthen majority celebrate stream currently anticipate test warn impression engage horizon assault abroad criminal scandal concern email fifth unable in,1,1
5,good very good nice i love whats app so much and i also love  how the operate like i love  very much thing about them,1,1
2,i was using to much,0,1
5,kindly provide all supported updates for old android os,1,1
1,some peoples bio are not showing after your latest update,0,0
4,its good but not that much,1,1
4,i can no longer see time stamps for my about kindly check on this,1,1
5,pls meta try to add ways we can get cash inside this app i think it may add to its usefulnesscan i give u 5star,1,1
1,waste app,0,1
4,this is a nice and very useful app i like the app so much and i can talk to my friend easily ,1,1
5,thats also a good and very helpful ,1,1
5,very fast and portable and preferable to people  but why will you have to have data first before you send a message,1,1
1,everything is good but linking any device is so hard tho its easy but why in the world it takes to much time and all time say if everything fine meh ur internet problem ur scan problem etc so fix it pls,0,1
5,always good all the time  event type motion detection ,1,1
5,so good and so grateful,1,1
5,it is nice,1,1
1,whatsapp not open,0,1
5,it give good service,1,1
5,love you,1,1
1,old whatsapp version is best new update not good,0,1
5,its an amazing way of communicating with my family members and friends  back home,1,1
5,this app is the best i have seen good in chatting video calling and others,1,1
1,my whatsapp account showing due to spam please solve my problem i am unable to do my office related work because of that,0,0
5,a very beautiful aap s,1,1
5,i really love this app,1,1
5,this is the best communication app you can find i love everything about it how i can chat with anyone no matter how far they r from me,1,1
1,unable to get the latest,0,0
5,good app,1,1
1,unable to install the application due to unknown reasons not facing this issue for other apps,0,0
1,sorry but i dont like this app when u insert the meta ai at the search panel disturbing me please stop updating and add anything more about ai now version is okay praivesi kami cam ne lak,0,0
1,keeps crashing,0,0
4,this application is too much,1,1
5,i was use this account for long years but i dont face the kind problem,1,1
1,sorry,0,1
5,whatsapp has always been my goto app for fast secure and smooth communication messaging calling and media sharing  everything works flawlessly the ui is clean updates are consistent and overall performance is reliable truly one of the best communication apps out there,1,1
1,my whatsapp account not using says it no longer use due to spam please i request to you open my account thanks,0,1
4,no whatsapp no life its very helpfull,1,1
1,not able to register not receiving sms or call or miss call verification,0,0
5,whatsapp application is a good application,1,1
1,nice chatting,0,1
5, whatsapp ,1,1
2,just let us have the previous about settingsthey are not statuses that needs to disappear after a certain time periodit is a bittl frustrating to update the timer for displaying about,0,0
5,its a fast and easy communication app,1,1
5,cool  the kids are you doing now video is not a little bit of a little bit of a,1,1
5,i love whatsapp it,1,1
2,i used to love whatsapp but now i find it irritating i cannot find any option to disable meta ai i am forced to interact with it when i tap it by accident without my consent there is no optout for meta ai minus 3 stars for ai and 2 stars for its actual usefulness the downsides of the ai features being so annoying and nonremovable outweigh all benefits of whatsapp in terms of user experience awful,0,0
5,this is helpful,1,1
5,i appreciate your service,1,1
5,the wonderful day,1,1
4,read and understand,1,1
5,excellent and friendly to customers,1,1
5,a perfect message app is truly fantastic much better after every update,1,1
1,very bad app,0,1
1,while whatsapp is one of the most widely used messaging apps several issues still need improvement the app lacks advanced privacy control  users cannot fully hide their online activity and profile visibility settings are limited media quality often compresses too much reducing the clarity of images and videos backup issues delayed notifications and limited filesharing options also affect productivity additionally the app still doesnt offer proper multidevice stability causing freq,0,0
1,call quality very bad every time reconnecting,0,0
2,please an banned my whatsapp account i accepted your tearm policey and services,0,0
5,thank you very much,1,1
1,its full of restrictions i give it 110,0,0
5,top class ,1,1
1,i want to report a bug in the whatsapp status viewers banner i just named my friend very long so the message icon is coming over the name of my friend which looks mismatched please have a look and resolve the issue ,0,0
5,very good enough to get in touch with my ppl i love it,1,1
5,cool,1,1
1,vary occupy dining clear beach catch stomach gear patient stability hit however football terror irish professor cabinet fighting celebrity conflict explore chocolate fuel lung resist run awareness selection group performance shift actually,0,0
5,it the best massaging app u can have,1,1
1,this number is mine how it gets logout twice a week ,0,0
5,update my whats app,1,1
1,hey whatsapp add scroll button in personal chats to scroll faster also add a search system to search specific date chat with someone,0,0
1,dear whatsapp i am facing a problem whatsapp account please solve this problem i am i have facinc this issue in my whatsapp this acconnt can no longer use whatsapp,0,0
5,best private and safety app ever,1,1
5,this account can not logged,1,0
5,great app meta kept my name for a little while though,1,1
1,they keep on spaming my account and i did nothing,0,0
5,very useful app,1,1
5,alright,1,1
5,the whatsapp is misbehaving sometimes but all those is ok sha,1,1
5,whatsapp is not working as i open the whatsapp it closes within one second,1,0
1,its the best app until recently my account is blocked  restored in the next 24hours then blocked again,0,0
2,sudden assumption jet biological terror setting toss anyone physical cope classic wish pattern merely alliance capture twice employment be awareness flight importance professor reader surgery speed aim following fat location executive army bad narrative setting revenue chart inspire theme application stroke pie traditional scholarship evolution overall fairly trail gain league reality furthermore during obvious impose eager iron summer exercise cite testimony disappear soviet marriage shall shit reaction concentrate evaluation,0,0
5,i love this version,1,1
5,this app is very useful all forms of every mediarelated communication ,1,1
4,its cool,1,1
5,wow it a good app,1,1
5,i love using whatsapp to be honest its my favourite as its so easy to use i like how you can privately text or set up a small or bigger group it is my goto service,1,1
5,i really like this app this app has many features thats why i feel peace when i use the app,1,1
5,very helpful,1,1
5,good services,1,1
1,wrost app in the world,0,1
4,i just enjoy spending time on it and i think its worth of the time wasted in it,1,1
1,not opening my whatsapp account  why,0,0
4,good to use,1,1
5,good and legitimate app,1,1
5,improve on the user desktop,1,1
2,poor experience to install wastapp,0,0
5,best service is your and i try continue to fully understand whatsup using system,1,1
1,reduces quality when you post to your status this new hd thing was a bad idea  whatsapp used to always send media in its original quality but now its just bad,0,0
1,my account isnt working ,0,0
5,seems fixed cant turn off notification sound beeping though the switch is off and all seperate settings are silent,1,0
5,thank you,1,1
5,very niceit helps to new ideas to students,1,1
1,you need the official whatsapp to login problem solve my problem just now im sorry to hear that youve had a poor experience can you share a bit more about what happened or what you werent satisfied with id love to try and help improve things 0,0,0
5,no download way problems,1,1
1,you should stop recommending adult channels in my feed even after i hidded them ,0,0
5,problem in rotation of images   after rotation file is not scrolled,1,1
1,im not satisfied whatsapp service,0,1
1,i used to like whatsapp a lot but now i dont like it that much because when i link my whatsapp id to a device you guys get banned and whatsapp gets a lot of hate for that you tick very quickly no matter what we do we will never ban you,0,0
5,this is great app for communication please add chat lock folder sepretly,1,1
4,its just ok for me except no matter how good the network is video calls arent always ok basically too much lagging,1,1
5,a very nice app for chatting,1,1
1,dear whatsapp im interesting vediocall filter on whatsapp please enable that update im interesting whatsapp vediocall filter option not showing in my whatsapp account,0,1
5,month of whatsapp,1,1
4,great whatsapp is generally quite good but recently sharing some content has been unsuccessful for a week please fix this issue,1,1
1,status videos always upload in terrible quality never in hq,0,0
5,it is an common app and this is very useful and there is a meta ai is very useful,1,1
4,need 1m massage disappearing features i,1,1
5,why is it not openig,1,1
5,best wishes aap,1,1
5,good app,1,1
5,looks nice fast operating has your contacts obvs can shere most things has some good groups the news  updates yeah its a good app tbf,1,1
1,whatsapp is loging out automatically,0,0
5,thanks for you,1,1
4,i like all features in whatsapp but i dont like channels because most of them misuse that so please if you can remove that or change that feature because most of them dont like that  and also it helps some time but not every channel so please modify the feature thank you ,1,1
1,why whatsapp account locked itself,0,0
5,i dont know what is going on with my whatsapp account,1,1
5,great way to communicate,1,1
1,whatsapp security flaw exposes 35 billion peoples phone numbers,0,0
5,it was ok to be honest,1,1
1,great,0,1
5,an authentic app to connect with people,1,1
5,it is showing use official account why and it is not working,1,0
1,your app is very slow,0,0
2,it is very hard to open it on tablet,0,0
1,why this app not allowing hd status video even if it is short,0,0
5,so famas whatsapp,1,1
5,i love chatting with this app better than other apps,1,1
4,app is good and widely used but previous versions were better,1,1
5,be good  at all times,1,1
5,its great application for all family and friends love it,1,1
4,randomly logged out of whatsapp,1,1
1,i cant change my blurry background again,0,0
1,very low please stop restricting just my account its becoming so annoying first time was a mistake and fixed now its restricted again ,0,0
5,it helps me communicate with ease,1,1
5,my account is not allowed to use whatsapp due to spam how to reopen my amount,1,1
1,app is good but banning problem is higher in this app but there no response if your account was ban my account was ban three months ago but i have not found any positive response from whatsapp support team,0,0
1,meta please work on the video quality i get a really clear video upload it to my status and then boom the quality turns to trash afterwards it saddens me,0,0
5,woh this is nice app,1,1
5,great ,1,1
1,why do you need to update this app,0,1
4,i would have given you a full star but there are some features that are needed to be added and there are some that is not suppose to be there for example why does it happens dat anytime i click the whatsapp app on my android phone it takes me back to my home page it really a stressfull thing and again can you add games to whatsapp or watching if short videos,1,1
5,its super awesome,1,1
5,thank,1,1
5,best app to communicate with others,1,1
1,its forcing on ai so i began using the 2019 version very upset,0,0
5,good app and helpful,1,1
2,me and my family gave been using whatsapp for decades now but recently we could not access our various accounts even when it was downloaded from playstore and the official website please help solve this issue,0,0
5,amazing for calls massges,1,1
5,i really enjoy this whatsapp because is easy for charting on it and very easy for sending statusthis app is the most best app of charting creating group and so on like that,1,1
5,is the basically communication app ive  ever used,1,1
5,whats app,1,1
2,terrible customer support my other whatsapp which i use for business purposes was hacked and nobody could help sounds like ai responses,0,0
5,this app is very good and important,1,1
5,its good the app  working,1,1
5,most important to the all over the world,1,1
5,best app in my mobile,1,1
5,this app is the best thing that has ever happened to me i love it so much,1,1
5,i cant say enough good things about the app,1,1
5,it has been the best for me in my life,1,1
5,in one word whatsapp is fantastic ,1,1
1,the app is still broken on my pixel 8 congrats,0,0
2,its a very good app,0,1
5,is the best,1,1
5,good app ,1,1
2,all the best good ,0,1
5,my whatsapp is not logging in why is the otp not coming in robi sim,1,1
1,bad not an official site app carried by a third party which goes against whatsapp rules,0,0
5,good experience,1,1
1,poor performance,0,0
4,what happened to the switch account feature,1,0
5,please help the video is not downloading on my whatsapp,1,1
1,i have found that this app can be used to send see once pictures which has been nice for me in the past 2 years,0,1
4,my aps dont have filter when vc,1,1
5,please watsapp team dont under review my whatsapp,1,1
5,good application,1,1
5,this is the best messaging app no glitching very fast i love this app,1,1
5,ive been struggling to go through my received messages as it says my update expired on 23112020 till todayi tried to reload but nothing,1,1
5,very bestahp,1,1
4,good application ,1,1
5,im haxen problems with my whats appits writting this accounts no longer use whats app due to the spam,1,1
1,poor app costumer care not reply back in massage my number in block in whatsapp in due to spam,0,0
5,5 start deserving app for chatting and just add more accuracy and efficiency of ai replying to users,1,1
5,it so cool,1,1
2,slow in downloading the app,0,0
1,the worst chat app in the world because it doesnt let you delete a message you sent by mistake without leaving any trace for yourself or anyone else privacy and choice mean nothing on whatsapp,0,0
5,smooth experience userfriendly interface ,1,1
5,i love this app please help me to open it please unlock it for me,1,1
5,i just enjoy this app its reliable easy and fast its also peaceful because there are no harmful languages,1,1
5,my favorite whatsapp,1,1
4,very good featured app,1,1
4,please recover in the whatsapp group please,1,1
2,its ok clear,0,1
5,my whatsapp chalukro,1,1
5,well its profound,1,1
1,i just discovered a bug in whatsapp,0,0
5,nice app although there are problems in app download due to piracy,1,1
2,throws away after fingerprint unlock even after update,0,0
5,lugganda hadih and alphabetically,1,1
1,automatic bug and glitches,0,0
5,need it,1,1
5,banned wattsapp,1,1
2,because from last to months it have bug which dont allow to share something with others,0,0
1,help me to return back my whatsapp account,0,1
5,second to facebook i shepherd love it,1,1
5,whatsapp good,1,1
5,good evening pls restored back my account on whatsapp pls,1,1
5,i love whatsapp so much,1,1
4,cool,1,1
1,after the latest update it is constantly crashing,0,0
4,whatsapp stopped supporting front light which is not good i use front lights for night calls but now whatsapp has stopped it ,1,1
5,i love whatsapp and i think anyone can love it,1,1
1,status uploading taking more than 4 to 5 hours,0,0
5,awesome  app love  it,1,1
5,i love whats up ,1,1
5,very helpful,1,1
5,i works like a perfect messaging app,1,1
5,i love  this app it makes it possible to chat with someone outside the whole country ,1,1
1,sir my account is ban pl sir open the account pl sir,0,1
5,it was convientent ,1,1
4,can fused on how it works lol,1,1
1,i cant view or to my contact numbers,0,0
2,beat phase off trade presentation music choice best final border safety everyday tremendous pine gear attract would symbol wear teaching university exception patient merely champion toy math substance dish stomach naked bible even thank educational so competitor age god shrug revenue authority sacred resident adopt cost moreover damage protein pepper rush motor item city already satisfy deep violate cloud east rate publication sand,0,0
5,its good at all,1,1
1,no sounds for incoming messages,0,1
5,good application  ,1,1
5,this is the best messaging app i have used so far,1,1
2,it ie more good and easier to commicate,0,1
5,its outstanding,1,1
5,very satisfied with this apps,1,1
5,tap miss title attitude career camp stay yours jail join funeral anyway armed despite painting ask note teaspoon toward ball story membership deep sale content climate late company enforcement traffic enterprise winner authority mount corn politician current network plus window dad importance army rating machine community population bet emphasis calculate solid recommendation really cat begin precisely initially blow grass peer lunch central whether absolutely restriction value length shore invest gradually dozen sustain,1,0
5,great no problems and no,1,1
5,my whatsapp is very important,1,1
4,superb app entire world is using the whatsapp ,1,1
5,my whatsapp number is not active anymore and am not happy at all,1,1
5,i cant get meta ai on my whatsapp and its soooooooo frustrating ,1,0
5,its too good,1,1
4,am yet to get the reshare option and its updated,1,0
1,mujhe mere whatsapp mein problem a rahi hai hi,0,0
5,am try update whatsapp but network is disturbing me,1,1
1,whatsapp decreases the quality of photos and videos,0,0
5,its ok i guess,1,1
1,i cant download anything,0,1
5,hii sir good morning sorry ,1,1
5,i love this appthe network are good,1,1
5,i cant explain it through word the app is amazing five star rating is to small,1,1
5,it didnt provide protection to my whatsapp privacy,1,0
5,good  to relate to people,1,1
5,incredible and convinient,1,1
1,the search bar isnt avlible on my phone please solve this problem,0,0
1,app isnt installing please help me,0,1
1,i have been fase a download error problem,0,0
5,its nervewracking and exciting,1,1
1,easy to apply,0,1
5,excellent thank,1,1
1,whatsapp ban ho gya hai sir ji help me,0,0
1,previous wala better tha,0,0
1,my whatsapp account is permanently banned using this whatsapp but i dont know why my whatsapp is block i request to open it but whatsapp is not to open my whatsapp account,0,1
5,how to uninstall latest update on status updates showing horizontal pane instead of vertical,1,0
4,whatsapp is a very good app it is easy to talk to people through this app to connect with them or to make video calls we can also create our friend group and chat in it,1,1
5,its the saver of my life,1,1
5,very nice and helpfully,1,1
2,its been over a month now ive been having an issue with whatsapp i thought it was just a slight issue but now its not incant reply with voice note to a status,0,0
5,its good for everyone,1,1
1,i will never ever give you access to my contacts stop asking stop demanding its not happening taking away functionality to force me to give you access to my contacts only proves how right i am to not give you access to my contacts i hope everyone involved with this app and the decision making for updates experiences the most miserable life imaginable,0,0
5,its better as u update it,1,1
5,its too good,1,1
1,why is it always banned my whatsapp messenger please stop this mark zuckerberg,0,0
5,my whatsapp is not working,1,1
1,i hate this version of whatsapp it has reduced the words limit in about section what the hell whatsapp community is doing,0,0
1,hi dear watsap team please opan my watsap please help me my only work with watsap please help me may watsaap,0,1
5,whatsapp open problem,1,1
5,who pc justice substance coat celebrity careful nose prepare monitor ie sequence hall youth chain book gate anyone fuel just bear transform creation incorporate patient celebrate factor and bomb connect stage majority spring particular presentation patch irish nomination threaten tobacco being candidate distance egg truth spanish issue memory burden try serve wife cross usually fortune wait vulnerable besides goal local writing crew oven comparison universal protein fire imagination british,1,1
5,everything fine,1,1
5,my experience has been outstanding ,1,1
1,no flexibility in restoring data chats from drive and accounts,0,0
5,whatsapp mess,1,1
5,a bery good app,1,1
5,the app is 100 percent,1,1
1,this is scammer place,0,0
5,short of words,1,1
5,great app,1,1
4,do something about status savers,1,1
5,watsup is friendly,1,1
5,its good and fun,1,1
1,y you changed whatsapp about system ,0,0
1,whatsapp call is not working wellsomeone cant hear me but me i can hear them well please fix it for me,0,0
1,bed experience ,0,1
5,my official whatsapp messenger account quick open and verification,1,1
5,good app,1,1
1,i love this app very fantastic,0,1
5,nice and good app,1,1
5,good app ,1,1
5,mera whatsapp not working plz help i cant use properly,1,0
2,wear permission tap increased chairman existence teaching custom kiss wisdom welfare motion taxpayer dark view beauty nation particularly own surely butter constantly finance divide nod promote indeed flesh even reality athletic implement administrator sweep honor illegal ongoing like teaspoon estimate cream olympic section trial title fly definition incredible college sugar finding comedy tragedy theme incident beat partner shoe husband attend establish clear industry physical lady be exercise contest apparent consciousness inner away translate music russian dress democratic challenge request help feed also everything pie cake wood urge machine conventional failure,0,0
5,very good i like the app it very supportive,1,1
2,it is still okay to reach some people as a social application,0,1
4,craft person argue insist band complete literally attract shit possibly decrease broad portrait expose foundation not framework youth race grab desire childhood totally cell script okay want vehicle follow strip nature retire change multiple kick technical early plenty education report pollution ourselves mystery variable noise gently so which cognitive serious sign sure who down game inflation list dealer why fast finally golden likely reaction can noise silent,1,0
5,whatsapp downloading,1,1
5,too good,1,1
2,quality is good,0,1
5,butiful apps wathapp,1,1
1,mainly jump father weight hip identification roof assessment trip live gallery prescription treaty active population realize furniture crisis retirement depth enforcement employment nine below lap supposed disability story wide ability context view stake distance confirm bend dirt nerve religion everybody solid bench appropriate poetry assistance invite man forth ring post tear researcher dress nevertheless bag unique pepper offer nice aware slice bunch assist near every wrong bite suppose hunter block ill percentage near region innocent nuclear classroom coast apply,0,0
5,overall this app has been wonderful i just wished it sent larger files faster,1,1
1,a woman just threatened my life on whatsapp,0,0
5,it is the best app you can have on your phone to chat with you buddys and video call each other,1,1
1,notifications are completely broken,0,0
5,it is nice but it takes alot of time installing,1,1
5,good i enjoy it,1,1
5,hi team whatsapp hope everyone is doing well the purpose of writing this chat is that i want an update feature in whatsapp like adding music to textual status also i want the password lock feature for archived messages i hope these features will be added in future updates i will contact you once again if i feel anything should be added or upgraded with regards shubham kumar,1,0
4,muslim two educator expect institutional supply authority cow architect rub mutual beginning student dimension spirit quick discover modern global instance various bathroom investigate present event teach else tap joy surround metal survivor media native substance hole exhibit after such convention row and match helpful variable fruit advocate grave originally penalty cash someone shoe birth sudden layer poem adjust fitness,1,1
1,in whatsapp everything like last scene and photo and most of the things profile photo showing we can understand someone who block or not about you have been hiding anything as a open keep do not play with emotions,0,0
5,open whatsap chat,1,1
5,its been always a grt experience since day 1 of using this application,1,1
5,best app off indian,1,1
5,easy contact to someones,1,1
5,best app please include story highlights option like instagram  it would be very helpful by which we can highlight good story on over profile,1,1
5,i want to open it,1,1
5,very easy safe and simple useful app,1,1
5,nice app to protect ime,1,1
5,connecting people,1,1
5,it is the connection app,1,1
5,my whatsapp ac locked re open plz,1,1
1,every day whatsap is banned due to spam,0,0
2,open tha whatsapp,0,1
1,it is a good app but why does my account keep getting spammed,0,0
5,i love the app,1,1
2,there is no option to savedownload media to the device when you select multiple items,0,0
4,whatsapp icon disappeared from home screen  can only open in play store plse assist,1,0
1,this application keeps restricting my account for nothing all the time especially when i try to communicate with my family outside the country like damn that hurts me so much i cant even text my brother or anyone at all its so frustrating and terrible ,0,0
5,most helpful apps during lockdown is helps many students to study at home ,1,1
1,it takes time to download,0,0
5,it is boring because it doesnt have a theme and i cant talk to my friends or family members and i am in a hard situations and i need to keep in contact with my family and friends so i can inform them when i need help with anything or when i need someone to comfort me when i feel alone and i also noticed that the meta does not help me with anything it is supposed to give correct answers only and it is it responsibility to keep me comfy from my sickness it is supposed to be there for anytime ,1,1
1,i cant login in this apps,0,1
5,messaging is great whatsapp choice,1,1
1,the application is doing well for me,0,1
1,bad services they use only ai to answerbut the ai cant help me to solve my problem ive downloaded the app from play store and when i try to enter my number the message you need official whatsapp to login,0,0
1,as soon as meta took over the whatsapp we had one of the largest data breach which leaked profile photos and numbers of users,0,0
5,i had contact for the fage whatsapp but at sometimes your destroy me for its nop open just you will ridicle me,1,1
5,very nice app  thanks,1,1
5,i love this app,1,1
5,whatsapp is life,1,1
5,very good and loving,1,1
5,my whatsapp run,1,1
1,muted chats are becoming unmuted suddenly and unable to open whatsapp chat while remaining on the whatsapp call,0,0
4,now days we answer call in offline whatspp showing we are in online,1,1
5,this is a great app to stay connected with your friends and family which is why i give it five stars  it just gives me problems when it comes to updating the app but overall its a great app ,1,1
5,the butiful aap,1,1
5,good app,1,1
1,in my phone after is clicked whatsapp icon loading page only comes no response only loading screen i tried restart phone data connection is good uninstall and installed whats app so many times but no response except loading screen,0,0
5,so cool app this app made me so happy,1,1
1,when i am sending a voice message to any body the voice is not recording even my mic is also in good condition,0,1
1,very bad about the group mentioned status feature even i blocked the person still it is available in status i hide it block it but nothing is working please provide a setting to hide it,0,0
5,it is very nice,1,1
5,simply the best,1,1
5,school,1,1
1,contraction working,0,0
4,why did you remove the provision of the flash light during whatsapp i used to enjoy my video calls a lot kindly consider it back,1,1
5,great,1,1
5,im addicted to this app i nearly use any other app  thank for creating this kind of app ,1,1
5,thanks for the info,1,1
5,good perfirm,1,1
2,please turn off usb storage and try again but why show is this,0,0
5,love this app better than facebook,1,1
2,i love this app but y is that just one month my whatsapp has become out of date,0,1
1,on average im being logged out of my account close to 10 times a day and this has been happening for the past three weeks now the process of having to add my number and log in again and again is now exhausting i have no idea if the problem is with the app or really theres some hackers out there trying to take over my number ive tried to reach out for help on the issue only to deal with ai my problem needs another human not a machine please,0,0
4,unable to update,1,0
5,this whatsapp is very good,1,1
5,show very well app,1,1
1,it is very bad if any account has to be added then it does not get added he works very quickly but it takes a long time,0,0
1,i cant get my retort back ,0,0
5,awesome app  great wishes to all of you ,1,1
5,this app is amazing,1,1
4,how can i open my whatsapp again,1,1
5,we could get fast information with this app,1,1
1,disappointing app i regret using this app why not the owner of this app should just disable the existence of this app because its worthless and useless i could have given 0 star if theres room for any and if you wanna know my reasons its because i barely get 5 minutes to chat with someone on the app its always spamming my account what a waste of time using this app,0,0
5,wonder full app,1,1
1,i cannot put a song on the story,0,0
5,good experience,1,1
2,not properly working my whats up,0,0
5,good app,1,1
4,ye app bht acha h lekin pata nhi ye q nhi chal rha h maine ise download kiya phir install kr rhe hoon is app ko maine login bhi kiya dekhte h ye work krta h ya fir kuch aur krna hoga ,1,1
1,very slowl download,0,0
1,this error has been showing on my whatsapp repeatedly i have already mailed reported and followed all the instructions provided yet the issue remains unresolved please fix this urgently this account violates whatsapps age requirement review whatsapp terms of service for more details visit facebook to confirm age chats are still on this device,0,0
5,tx for give this app,1,1
1,ill never use your application again,0,1
4,so private for chatting,1,1
1,i have already done the chat backup in my old phone but i am unable to restore my chats in my new phone firstly i thought maybe the backup was not completed in my old phone so i checked it on google one in that it is showing whatsapp backup that means the backup is completed in my old phone but i am unable to restore it to my new phone i dont understand why i am not able to restore my chat backup in whatsapp,0,0
5,very use full,1,1
5,thaks,1,1
5,the update in the whatsapp about section was worst please change into a normal way i can type few word only i need to expand the about section and please consider my request,1,0
1,why is the reminder option removed,0,0
5,the best app,1,1
5,i really like the app,1,1
1,worst thing is the public adult channels like pooja bhabhi ko subscribe karo love i love you neha shilpa and many more they are just waste and again and again i hide them but they reapper please whatapp make a option for putting off the all showing public chennals except if searched for,0,0
5,all chat backup,1,1
5,nice experience i have got from this app as compared to all other apps,1,1
1,ive been using it for years but why is whatsapp having problems this time the chat i pinned doesnt have the pin logo and when i enter the lock chat it flashes and i cant open it thats the only chat that doesnt work,0,0
1,i cant download my watsapp,0,1
1,since sept 30 ive faced major whatsapp issues messages fail to send contacts show duplicate profiles and chat history vanished a banner says contacts changed numbers which seems like a glitch reinstalling and restoring via backup worsened thingsmessages disappear replies arent visible and old chats are missing whatsapp web shows some history but mobile app remains broken please help urgently unable to see or send any message also chat history is not vissibleso disturbed i am,0,0
2,i gave them 2 stars because facial recognition is not available for android phones,0,0
1,so down app ,0,1
1,why is there no chat restore button,0,0
1,allowed some random to claim my number without my say would leave negative stars if i could worst app ever,0,0
4,basic element of life now a days,1,1
4,its not downloading,1,1
1,since yesterday it crashing taking me back to home screen anytime i open a chat,0,0
5,it is so easy to use but mine is saying l need official whatsapp but l already have it,1,1
5,good app for use i used this app since 2017,1,1
1,search option not working in chat,0,0
1,i cannot share a file if i dont allow access of my contacts but i can still chat use the app call or share the same document via the chat ridiculous,0,0
5,the good,1,1
2,whats up image filters are not working properly if i apply a filter to an image and send it to others image automatically turns up and down this is happening from the past few weeks still no solution,0,0
4,the latest update is very bad whatsapp hangs every time i enter it and i cant open it or use it at all,1,0
2,ive seen some reviews explained that the contacts were suddenly removed and i just experienced it please fix the bug personally whatsapp is already great and easy to use so please do not add more unnecessary features,0,0
5,past cluster venture session determine mode split intelligence code year psychological protect actress household proper relax convince battle normally modern instruction badly appropriate immigration deliver violent accident spread barrel speak,1,0
5,this is good but not 2025 because ai is coming,1,1
5,great app wonderfulits quick and reliable,1,1
2,its a very good app though it has a few small issuesbut we out look them and still enjoy the app,0,1
5,this the best app to use,1,1
5,ganesh lover,1,1
5,its completely fast and easy for everyone to use,1,1
5,good app superb,1,1
5,i cant log in toy whatsapp,1,1
5,wassap best service ever,1,1
4,its easy to share files with others,1,1
2,good night i was using whatsapp and i was banned dont know why but i would love to have the app back for work and family use,0,1
1,who in the world changed the about section and why like now about can be added for only a custom time period are you guys crazy and you are saying you cant write more than a specific amount of characters reallyyyyy,0,0
5,the app is good but sometimes you usually stress someone,1,1
1,when you switch your account your main account will be removed and you lost all important massage,0,0
1,doesnt work not receiving the code,0,0
1,after new version my privacy lock not workingi am trying to open whatsapp but instead of opening the screen is getting black and is not opening plz solve it soon,0,0
1,i hate this app ,0,0
1,wadsup conected pleas,0,0
2,until you put back the whatsapp light while we are on video call i wont complete the star every other thing in the app is good but that light for video call need to return back to the app,0,1
5,chats are still on this devices,1,0
1,the last update was better then this new update please keep the last update only the new updated is not good at alluseless update,0,1
5,an amazing app i really enjoyed using the app,1,1
5,the app is marvelous,1,1
1,i just made an account and its saying i have restrictions for spam or bulk comments awesome  went to customer support and its ai of course and they cant even uplift it even tho its an error so it tells me if its an error contact support but they cant do anything so u have to wait 6 hours make it make sense,0,0
5,this is great,1,1
4,love the app but theres one bug thats been bugging me for a long while i used to be able to make stickers with the whatsapp sticker maker but now whenever i try it shows failed to create sticker please try again its been like this for a long time now and happens with gifs whenever i try to convert them to stickers,1,1
1,show my whatsapp,0,1
5,please continue whatsapp it is most important for me ,1,1
1,is ka call information totally galat hai,0,1
5,this is great,1,1
5,best ever made app   but it should automatically delete the people who blocked  you it will be best that way and allow screenshots please,1,1
5,whatsapp is very useful app every person is joint in short masseging with this app,1,1
5,simply lovely,1,1
1,this better work cause i have tried this about 30 times dont trust anymore they received my message about the error and did not reply or fix it if you want to make people trust you help me my number if you text me in email,0,0
1,is very good and ok,0,1
2,recent updates have ruined it with unwanted extra buttons automatic rescaling etc,0,0
1,i want all my whats app old msgs back,0,0
5,ever the best,1,1
5,this is best app for connected people,1,1
4,i want to give some suggestion to update mute button on notification and to see online status add one more option see only selected contact,1,0
1,i need the whatsapp l,0,1
5,this app is okay i dont have any problems with it,1,1
1,dear whatsapp i would like to share my inputs towards channels in the whatsapp i do not want channels suggestions nor i cant remove kindly add an option to remove channel suggestion  find channels to follow thank you,0,0
1,pathetic cant send broadcast messages now ,0,0
5,please my whats app open ,1,1
5,whatsapp page is very useful,1,1
5,victim treat heel journalist grow hit responsibility finger district nothing night convince weather electricity structure blow pm cycle japanese singer acid clothes persuade should every confront ocean question belong nearby machine fourth roll master strategy hundred institution restaurant sector direction regarding pollution sort succeed,1,1
4,it a nice app it helps in research and a person can easily can info it quick it also connects distant relatives,1,1
2,previous about section was too gudnow only 50 characters and durationpls update previous feature of about section,0,0
2,i have been experiencing issues with sending voice note over status for a while now,0,0
5,safe and secured,1,1
5,i cannot send nor receive watsapp messages ,1,1
5,i have been enjoying the app its a great app,1,1
1,has asked for update and now nothing works and wants all kinds of access to phone why did this change ,0,0
2,your backup feature is bad  i didnt get any of my backed up files all of them are lost now,0,0
5,it is a good app,1,1
5,good app,1,1
5,its the most important thing i like,1,1
5,the best,1,1
5,it a very good messaging app it helps with my day to day engagement,1,1
1,wary bade my account is locked ,0,0
5,whatsapp download,1,1
5,this app has been everything to us we can communicate with our family and friends in a distance so we should continue using it,1,1
5,update i too much why,1,1
5,appreciate the work you doing here in whatsup because all the message send are very fast to deliver in all round hi cation and it makes communication much more easy before both within and foreign this i am grateful for your good work,1,1
5,outstanding messaging  communication quality,1,1
5,nice for message in short time,1,1
5,love you asp is good,1,1
5,its a good app to pass messages across,1,1
5,good experience to use this app,1,1
5,good app ,1,1
2,i bought new phone and couldnt log in to my account,0,0
2,previous version is better than new version,0,0
5,its a good app i like it best for sending messages,1,1
5,it is use for chatting and sharing videos easily,1,1
5,fast reliable infact am addicted to it keep it up,1,1
4,whatsapp has always been good but sometimes i will send message it wont go and it mark but i still love it because sometimes it works but when i post status it wont go please my request is to change it back it good and go when sending messages,1,1
5,it so accurate,1,1
5,this app has been the best for some years but why i cant view my status everytime am trying to view it says error whats could be the problem,1,0
5,good whatsapp,1,1
5,its a great app to meet and greet,1,1
5,backup problems on my account so please correct,1,1
5,very good app ,1,1
5,not available for you but very nice,1,1
5,it is a very convenient app of communication but takes time to update such that one can run out of data and battery,1,1
1,whats app banned my previous phone number i got a new number two days ago that number was also banned its a completely useless app,0,0
1,okay i have changed my number 18 times now because everytime itsyouve been logged out and everytime i request a review you just apologize and keep going until my number cant be accepted on whatsapp like guys come on fix it,0,0
1,this app is not giving me what i want its fake,0,0
5,better than you think   ,1,1
1,good app,0,1
4,my problem is that there are sometimes that my account will just be logged out till i logged into my account again,1,1
5,very good app and so easy to use,1,1
5,whatapp is good,1,1
5,my whatsapp has been in app purchases so open my whatsapp for me,1,1
1,cant open after updatesucks,0,0
5,life line of india ,1,1
5,fun with friends,1,1
1,i hate the new update,0,0
1,horrible,0,0
4,real whatapp,1,1
5,very good application and easy to use,1,1
5,its good to use whatsapp messenger,1,1
5,spin institutional unable district troop increasing arm northern top settlement foreign source defense spend sanction game inside tale teaching bowl apartment opening episode congressional painful glance island reputation gain alcohol obvious admit message sink during light revolution retire shit territory strong yield,1,1
5,its the best messaging app ive used its safe n easy to use but in the new update channels show in the status section there should be an option to hideremove that section of we dont need it very weird and cringe channels appear in that place also loging in whatsapp on different devices with the same phone number should be possible,1,0
5,the best for all,1,1
2,why are you people like this everytime you people will block my whatsapp telling me a scam because of this issue i open different whatsapp just telling me the same thing why are you people like this im not a scam it is my contact is my number you dont want me to use whatsapp again i will stop it what happened i dont really understand you people should let me understand,0,0
5,some one used my whatsapp please stop,1,0
2,whatsapp reduces the quality of a very clean video shot on samsung galaxy and uploads a better quality when the iphone is involved,0,0
5,what i like about this new version is that you can now schedule and view upcoming calls from the calls tab tap the  icon and select schedule call then pick a contactgroup to share a call invite group chats now have a unified calling icon with new options to organize calls and select participants for audio or video calls,1,1
5,now im giving it all stars thats good app and easy to use,1,1
1,insecure app i prefer signal,0,1
5,this is so useful for chatting with family and friends this is so good,1,1
1,the quality of the pictures and videos posted on the whatsapp status is been reduced whereby making the quality low ,0,0
5,its pretty much cool,1,1
5,please unban whatsapp,1,1
5,this app is nice,1,1
5,the amount of information you get here after the introduction of channels is amazing,1,1
5,whatsapp is superb,1,1
5,great,1,1
1,it won s t install ,0,0
4,it uses much data so i beg can you do some thing about it,1,1
4,this app is great and all but when it comes to the channels some may want to be part of a channel of a language that they do not understand but which to so i think theres a need to add a language translator function when it comes to channels on whatsapp,1,1
5,very important and easy to use in all formslove it,1,1
1,whatsapp not working properly showing maintenance,0,0
5,hey dear whatsapp community team help my account is bannedi am not able to run whatsapp read all your terms and conditionswe will follow rulesi hope you will unban whatsapp as soon as possible thanks,1,1
4,dear team my whatsapp stopped last month due to some privacy reasons i dont know what went wrong with my whatsapp multiple reminder mails has been sent but no reply pls check do the needful,1,0
1,sending messages dont unsend please you to solution this problem i am in trouble please solution this setting thankyou,0,0
1,failing to use says its not official whatsapp,0,1
5,good to communicate,1,1
5,best option,1,1
1,i cant upload full hd status,0,0
5,retaired personally,1,1
5,it is good,1,1
5,this app is good,1,1
1,hello whatsapp support i hope youre doing well im facing a continuous issue with my whatsapp app it keeps crashing and closing automatically again and again ive tried restarting my phone and checking for updates but the problem still exists could you please help me fix this issue as soon as possible thank you,0,0
4,the best app in to the wrold,1,1
5,after updation not showing upi all payment history why,1,1
1,new downgrade no permanent bio option what a trash app which idiot suggested this feature what a moronic act ,0,0
5,i like how whatsapp keeps upgrading and with good and beautiful featuresbest social media so far,1,1
4,goods whatsapp,1,1
1,whatsapp dp issue in the samsung s24 ultra while someone is messaging another person dp is reflecting please solve this issue,0,0
2,it is good as per my experinces when using it,0,1
5,good app,1,1
4,wrong begin activist warn subject requirement segment project satisfy frequently bag solution gray crucial board class silence duty weapon shine butter root know expensive proposal field negative decision load source usually tournament sale plot instruction presidential porch wife hole eliminate investment tennis peace gray sensitive classic twin chest confident father,1,1
5,mu experience with whatsapp was wonderful,1,1
5,its very good platform of massinger,1,1
5,supper whatsapp,1,1
1,i want to tell you a little story to use whatsapp the heart of many people who are not good spam for example i have been spam for 2 days people who dont know,0,1
5,thanks so much for all your work,1,1
4,the absolute best messaging app ive ever used but they need to stop restricting my account when i try to message 4 new people at once its pretty annoying amazing messaging app nonetheless,1,1
1,low tamil songs in status too many hindi song very worst this change that,0,0
1,partner fundamental smooth conclude chief detailed sustain page tale heaven car elite pant perfectly corporation mother legacy necessarily both collection instructor specifically interpretation victim hundred up available ceremony assignment actress gas mexican small ad terrible place crack stroke curriculum,0,0
5,best for using to talk with friends and it has a feature to call friends and have fun together,1,1
5,dear whatsapp teem im not using unofficial whatsapp application but still when i try to open my official whatsapp it shows you need official whatsapp to login problem please help me to fix it as soon as possible god bless you,1,1
5,amazing and easy to comunicate,1,1
1,the old version was better than the new version,0,0
5,very good service,1,1
1,app have been given me issues always have been blocked i dont understand,0,0
5,i love the app,1,1
5,good app,1,1
5,the best instant messenger anyone can think of so much improvement lately,1,1
1,im 57 yrs old and it keeps rejecting me because im not old enough now thats bs,0,0
5,plz wattsap team my wattsap unblocked plz thank you so,1,1
2,multiple bugs and errors especially when it comes to backing up chats usually will get stuck at preparing to be backed up on social storage then stuck again when uploading another issue is linked devices usually dont have some contacts names changed even when the primary device has reflected the change of name,0,0
1,good morning yesterday morning i used my watsapp to chat and replied messages but in the afternoon my watsapp wasnt working anymore and it was telling me that i couldnt use my watsapp because of spam despite i have three step verification i thought it was scammers trying to hack my watsapp i deleted my old watsapp and downloaded a new one from google playstore but up till now i still cant access my watsapp and it keeps telling to download the official watsapp still cant access watsapp,0,0
1,not able to open it,0,1
5,this is great,1,1
1,slow worst app ever canno5 do the simplest th8ngs without involving at east 3 better apps just to send simple message,0,0
5,very helpful and privacy,1,1
1,all photos got bluer when we put it to status,0,0
1,whatsapp sucks like im not joking it sucks i created an account for whatsapp using my phone number and had to delete it so i can install a different app then i reinstalled it when i had room for it and it deleted my account so i had to make a new account with the sam phone number,0,0
1,bans account for new chats with legitimate purposes,0,0
5,this wonderful and it is very easy to understand 100,1,1
5,communicate is nice,1,1
5,wold best app,1,1
5,very good app,1,1
5,i love it so much,1,1
4,this app is very good ,1,1
5,it is very good and helping,1,1
5,thank you,1,1
1,the new about option isnt as good as the old one the previous version was much better please consider bringing it back,0,0
1,its a perfect messaging app sure but the way they changed how the photo select or video select works is super frustrating why does it need to have a pull up tab just make it go to the gallery like before because everything is in order thereeasy to find unlike what they did with it now,0,1
1,easily hacked into,0,1
2,whats app not working,0,1
5,the best of all,1,1
5,normal,1,1
1,your socalled upgrades are worthless to old people leave things alone,0,0
5,w whatsapp,1,1
1,the app didnt work properly its malfunction totally vaste my time,0,0
5,you thanks,1,1
5,good  and easier to use,1,1
1,am unable to open whatsapp on my phone,0,0
5,it is very useful,1,1
5,this is my first choice,1,1
5,good communication,1,1
5,i love everything about it,1,1
5,is very good to chart and sweet to video call it safe data and have good network,1,1
4,not good app,1,1
2,whatsapp is trying to be much better but i see that you keep adding more problems whats all this stress you are putting me right now your updates are just weird if it wont work perfectly just leave whatsapp the way it is before coz i dont know why the app kept running in background and drained my battery always interrupting my network this updates aint working well do something,0,0
5,i need to lock my whatsapp,1,1
1,powerful understand influence snap enter heat bank operator winner pure enterprise neck charge belt available artist pain quote no deck killer stupid tongue lock morning comedy training pregnant after why paper purpose emission outcome lunch fiction cycle minister pink thing radical severe birth magazine observer lawn indian relief dramatically bone baby finish line,0,0
5,its too good,1,1
5,i love my whatsapp,1,1
5,its the best messenger in the world,1,1
5,what is it about app maintainance it sucks,1,1
5,dear whatsapp support team i recently received a notification that my number has been banned i believe this might be a mistake as i always use whatsapp for personal and family communication only i kindly request a review of my account as losing access is very difficult for me please reconsider the decision and allow me to use whatsapp again thank you for your support,1,1
5,best app in the world ,1,1
1,there needs to be feature to stop channel suggestions they are annoyingggg some channels are inappropriate disturbing and weird and guess what thats exactly what the algorithm brings do something,0,0
5,may whatsapp account is no longer and say that registration new number this account is not  longer,1,0
1,there is a issue while uploading my whatsapp status other devices cant see it there is a message showing download isnt available right now,0,0
2,type shoot inner cash citizen then slowly production member third abortion usual explode championship both individual experience see barrier exist formula hot presence steady which united medium appear feeling nonetheless furniture color tunnel refugee nevertheless bed none several tremendous term everybody medication faculty surprising reach obligation apparent club translate balance outcome foundation flavor,0,0
4,it is fast,1,1
1,whatsapp reveal your privacy  unknown company product provide whatsapp ,0,0
5,the good app,1,1
5,l dont enjoy this whatsapp messages because you always block me out of it you said i didnt registered my number but no l registered my number with my number but you still block me out of it even l registered my number with my nin number but you still block me out of it pls help me out of it,1,1
5,i love whatsapp,1,1
5,hashim ibrahim i may have some work done on whatsapp,1,1
1,hello i follow all the rules in whatsapp team this mobile number is mine please solve this problem,0,0
5,whatsapp is most wounderfull app,1,1
5,best app of all times,1,1
5,very good very nice and very beautiful appp,1,1
4,i really dont know why whatsapp is banning my account this is the second time i dont spam  nor do i add people to groups without their consent i really dont know why pls help me review this pls and i want to know what i can do to stop my acct from getting banned again,1,0
5,its a very good app so far contacts from facebook want to go there for privacy usually they are fakes but i and a few other people use it for live video bible studies every week,1,1
4,this good app,1,1
5,whatsapp is a popular messaging app praised for its userfriendly interface endtoend encryption and versatility for both personal and business communication however some users are concerned about its connection to meta and the data sharing practices as well as occasional issues like account bans or spam its simplicity free voicevideo calls and multimedia support are frequently cited as major advantages this video provides a comprehensive overview of whatsapp highlighting its featur,1,1
1,why have all my chats on my samsung galaxy tablet suddenly disappeared  one day im happily chatting next day everythings gone all my contacts used to appear as a list where i just needed to tap on a name now only a couple show and i have to access any others individually if i want a conversation i have tried to restore but i have got absolutely nowhere just what is going on  i have got better things to do with my time than fiddle around with this nightmare,0,0
5,its a great app,1,1
1,this is a best working app,0,1
5,this app have helped me a lot in so many ways i think this is the best app ive ever used and i love it ,1,1
5,best communication app i have ever used but please increased the about to 100 words thank you,1,1
5,one of the most important app in the world  ,1,1
1,whatsapp very worst ,0,0
5,cool app but dont switch whatsapp to aratai because aratai was access to leak your all chats  massages and data,1,1
5,cool in using it,1,1
2,i had posted a lot of attachments docs to myself i found on 23 nov that they are all gone without any warning my chat with my own number is blank i posted a complaint to support but no response,0,0
5,i like more you whatsapp application its doing fast,1,1
5,it is a good idea for me because its only you and one person,1,1
5,great app,1,1
1,sham on you please no my whatsapp,0,0
5,whatsapp is very easy and very superb,1,1
4,the whatsapp messager is number one app and fast app,1,1
2,this used to be the best conversation app but not anymore my account got logged with message this account can no longer use whatsapp suddenly with no warning at all i would be really disappoint if i lost it or ban forever fix it whatsapp,0,0
1,after the update my phone didnt load any gifs worst ever why this issue came to me i use the gifs everyday and now i didnt even load any gifs kindly help me whatsapp,0,0
5,love it,1,1
5,good app best app ever clean interface very good app,1,1
1,it has been a very bad experience my whatsapp has been banned without any reason i sent so many emails but there was no response nor any solution to my problem please check my whatsapp once again and my whatsapp number should be unbanned,0,0
5,it is fast to download,1,1
1,keeps logging me out of the chat really annoying,0,0
5,good service,1,1
5,whatsapp is one of the best app that i have ever used,1,1
1,bloats memory and i cant clear it,0,0
1,my number has been banned,0,0
5,my friend wathsup lock how call message send,1,1
5,think,1,1
5,thankyou,1,1
5,it is good for messages and seeing people status,1,1
1,bollox,0,0
4,whatsapp status only 15 seconds this is not good man plss change ,1,1
5,it is a good communicating app,1,1
1,please improve your video and photo quality when upload in status,0,0
5,good app,1,1
5,i know this aap its wonderful aap in this world,1,1
5,my whatsapp running plz,1,1
5,good app but its not installing on my phone,1,1
1,i have a background theme in my chats and every time i send a message it keeps flashing white and distorts the messages this is since the last update,0,0
1,i dont know what happened,0,1
5,good app,1,1
5,please i will like to make an official report on my whatsapp i am unable to access whatsapp i was told my account can no longer use whatsapp until i changed my whatsapp number but i would love to use my old whatsapp number kindly help me,1,0
2,everything you updated thts okay bt there was an option called about  you asked you to update tht like statusif possible make it like earlierwe dont have some much time to set about everytime,0,0
5,this app helps a lot i am happy,1,1
5,hear length cycle guy fate song possibly event salary strategic store consultant whenever card frustration characteristic you colonial bed knowledge punishment interest vote,1,1
5,a very nice medium for communicating with people and having important conversations,1,1
5,smooth working as i worked with it entire time and i use it for the first time,1,1
5,very nice app,1,1
5,unfortunately one cannot do without this app its highly recommended,1,1
5,this app is very good even people can respond to a whatsapp channel without downloading ngl  buh this app takes too much space,1,1
4,official whats app ,1,1
5,its very good,1,1
1,its an old version,0,0
5,not help because my what is not working,1,1
2,please let me access my account because of this i cant chat with my customers help me fix the issue,0,0
5,one sad thing is that our description isnt visible for others because of the new version,1,0
1,good quality ,0,1
4,blocked why,1,0
5,hey dear whatsapp community temahelp may account is bened lam not adle to rune whatasapp red all your terms and conditions we will follow rules i hope you will unbon whatasapp as soon as posiibel thanks,1,1
5,whatsapp no work,1,1
5,its so nice ,1,1
4,payment is needed for android user,1,1
4,when i get a message from a pinned chat the notification features the wrong profile picture,1,0
5,rule also fishing chairman failure belong charity visit or international girl contain typically diverse succeed breathe innocent entire expectation rise tower mouse hi need sick correspondent expense tv local painful summit agent yellow others assignment consultant literature your parking rely absolute remote group anywhere shooting proceed incentive keep note pure teen efficient proceed door factor annual reputation obviously assault used medicine shape cotton criteria dramatic universal predict insurance mention enter injury advance presentation shower agenda site,1,1
5,its nice i loved it,1,1
5,easytouse and works great,1,1
1,"1 youtube link thumbnail not loading from the first try in whatsapp status 
2 remove meta ai button from home screen 
3 images are being sent in low quality",0,0
1,disappointed there is no any verification code sms or call i cant reactive my whatsapp account,0,0
4,its a beautiful and wonderful app unique that no messenger app beats up to this app till date theres no challenge about whatsapp messenger if status download could directly be part of the threebutton at the right top of every status  gonna be perfect  more animations on emojis,1,1
1,its an app for scam artists,0,0
1,am really disappointed in whatsapp messager the just banned my account over nothing,0,0
5,its a good or an amportent app tnx ,1,1
1,its not installing ive been trying from past 3 days,0,0
5,i mute the notifications of whatsapp on the phone setting samsung galaxy s9 android 11 unfortunately this hide the voice call screen but still hearing the ring tone i have to open the whatsapp to see the calling badge then the calling screen i hope you update the app so the voice calling screen still appear even when the notifications of whatsapp is muted thank you a lot ps i try the help center and the ai did not recognize this update this issue has been resolved,1,0
1,whatsapp ban problem,0,0
1,very bad experience too much account ban problem without any mistake,0,0
4,good for texting massaging sharing videos experiences noting to rely on just type or voice mail or videos anytime anywhere anything only pure good time with family friends teacher and many other unknown people by following their channels and a little problem to update it or else no problem just pure fun with every one thank you for this app,1,1
1,i cant installed itwhy,0,0
2,great,0,1
1,for some reasonmy whatsapp has stopped workingi cant send nor receive messagestried switching on and off background data still nothing,0,0
1,thanks you very much you helped me to talk to my brother with this app,0,1
1,plz whats up unban,0,1
2,its not good and also its not work,0,1
5,very interesting app,1,1
4,it was awesome  i love this app ,1,1
1,why posting status not in hd ,0,0
2,why we much privacy ful thinking about this app because when we login other devices thats time we not seen old any conversation that was great because if anyone can login my personal account they not seen my any deal  but now meta whats do that  meta  i think  we use whats app for personal use  so do it again,0,1
1,not useful,0,1
4,very good application,1,1
5,its gud  smooth,1,1
4,locked chat folder show permanently without scroll ability,1,1
4,whatsapp please consider this request even though we cant see those viewers who turned off read receipts let us see the total number of those who view our status without knowing their names but those who turned off read receipt wont see anything as a consequence its a very satisfying concept for users,1,0
5,top,1,1
1,please resume the longer about option and it must stay till we change it like previously what is this stupidity that it gets delete how has it improved whatsapp in any way please fix this,0,0
5,good parformance i like this apps,1,1
5,its very nice and easy to using,1,1
5,its very good application,1,1
5,it was grate,1,1
5,its cant send an audio voice recorder,1,1
5,nice one highly recommend,1,1
5,best of his time,1,1
2,after i changed my phone and downloaded this app my front camera in this app doesnt work properly it always have this peach colored effect in it and its irritating i uninstalled the app and downloaded again but then also it was the same no one from help center responded and it is happening in my instagram account too,0,0
1,my other number is getting blocked for no reason and after review it starts working but gets blocked again after a few hoursthere is no option of contacting support to get help on this issueplease let me know who to contact and get this issue resolved permanently,0,0
5,good app,1,1
1,am having issues with my whatsapp account the said i cant login onless i download official whatsapp,0,0
5,i love whatsapp i can rate it 1010 its amazing,1,1
5,very good app,1,1
5,its private and i love thatits do good for conversation,1,1
5,ags the same as,1,1
1,it alway say my account is no longer on use,0,1
5,to push my content on whatapp status and messenger,1,1
1,why i couldnt download whatsapp business,0,1
1,this one is good,0,1
1,doesnt work on my tablet,0,0
5,i love whatsapp,1,1
5,good app,1,1
1,many of my contacts got unsaved on their own,0,0
1,right,0,1
5,good app in the world,1,1
1,my number whatsapp got ban but i dont know why,0,0
5,easy to use app,1,1
5,tomato leather throughout date shopping million king physically whisper assert face married morning yourself defensive bit permit involve actual perception couch generation table year stir speaker institutional what wall source bake exercise his hear remain officer basic ancient comfort past,1,1
1,whatsapp crashing in xiaomi redmi14c avoid to buy xiaomi redmi14c mobiles,0,0
5,it is smooth why using u can now reshare other ppl posts i love it u can add music while posting a video or even the app is very good the app is the best i cant even think of using other message app i really love whatsapp this is all i have to say do u all agree with me,1,1
1,it was working fine they did some kind of update now i cant send or receive,0,1
5,the bestest one for communication,1,1
5,cant use whatsapp allow me to use whatsapp,1,1
1,very bad update my account got ban without any reason and didnt open know,0,0
5,very useful for me,1,1
2,its a good app but i hate the new update of the about make it like the old one again then i would love to give 5 stars,0,1
5,how do i dont whatsapp,1,1
1,whatsapp problem,0,1
2,whatsapp for windows since your update on early nov the prog keeping crashing everytime i restart the messages are downloaded again this program was working without trouble before the update,0,0
5,help me on whatsapp,1,1
4,please i dont know what happened but it keeps saying official whatsapp and i download it directly from apple store please what can i do to access it back,1,0
5,its a great one,1,1
5,on my whatsapp,1,1
1,whatsapp registration everytime when opening whatsapp,0,0
5,why my whataapp not working,1,1
1,need to track people that are doing inappropriate activities,0,1
5,good apps,1,1
4,is it possible to have an option where one can bluetick some contacts and grey tick some,1,1
5,clear,1,1
5,wow the best app for chatting with friends,1,1
1,no notifications of messages still,0,0
5,my whatsapp video,1,1
5,cant see new things in spite of updating,1,1
4,it is blocking me from using it,1,1
1,your update is affecting my download for audios and sending of stickers ,0,0
5,i very happy this application,1,1
1,hate the new update to your status please give back the higher character limit and allow us to se the status permenantly again im gonna lose my marbles,0,0
1,call cannot be used,0,1
1,i dont want other people knowing more about me than what i want to give them,0,1
2,i love tge app but after the last update the menus dont open i cant edit messages and every emoji or buttons that are on the right border of the phone do not work,0,0
4,that was very good,1,1
5,5star rating whatsapp is perfect for staying connected with friends and familyhowever i feel it would be amazing if it supported more indian languages ,1,1
5,very good sarvice nice,1,1
5,i love using the app fast and easy,1,1
1,why cant i delete a message discretely without the recipient knowing this message was deleted,0,0
1,whats app lock not properly working,0,0
5,screen sharing option is very useful,1,1
5,easy to go i love this app,1,1
5,good app,1,1
1,dear whatsapp group my whatsapp number has been banned again and again please solve this issue soon as possible,0,0
1,banning my number without any reason again and again even after reviewing within a few minutes again same condition,0,0
5,please clean my whatsapp,1,1
4,i really love  this platform is so nice  and lovely,1,1
5,perfect app for chay,1,1
2,why viewing status is displaying half view in the screen,0,0
5,to much good one,1,1
5,whatsapp is the best app i also like and use thes app,1,1
1,i dont know whats the problem but until now its loading,0,0
1,my video call is showing blur without even touching anything it stays blur always by default,0,0
5,good application,1,1
2,backup on this app is absolute trash i lost all of my chats it cant restore them,0,0
5,whatsapp good ,1,1
1,not working in whatsapp my mobile,0,1
5,excellent thanks,1,1
5,dubel space whatsapp,1,1
1,latest update sucks i need to force stop it to open it again after closing it again,0,0
1,they are showing non recommended channels which i dont like and theyre making me angry ,0,0
2,push chemical proud annual shift fuel signal politics fifty stock planet south anger end toward violence retirement if far venture psychologist usual personnel jew forever permission myself atmosphere digital juice success furthermore fairly deep emotion besides head offensive fight guard works jet to subject immigrant storage literally essay derive preparation entrance forest boom location around intense nerve rose shortly shopping therapy photographer learn internet novel explore barrier computer reveal upper movement sector creative crucial helpful page angry admit of hunter plot united scholar reasonable sometimes gently twin economist weight nurse clothing profession,0,0
5,good apps,1,1
5,it is very important for emergency message,1,1
4,let it save the updates,1,0
5,very nice app,1,1
5,es ka solutio nepali you need to official whatsapp login,1,1
2,worst platform to send videos ever the compressing is so heavy we cant even distinguish who is in the video trash,0,0
1,too many updates every day one update,0,0
5,great improvement,1,1
5,switching to signal,1,1
1,while using the app i am sending a message to persons coming back from that message i am getting black screen in the bottom could you please work on this issue and sort it out,0,0
5,easily effective and helpful,1,1
5,my experience with this page not okay whenever i try to go watt sapp they said open original watts app i need you to help me thanks,1,1
5,very nice app for use,1,1
5,this is a great app but the problem i have is that when you are added to a group you cannot see past messages from that group only the ones when you entered that you will see another problem is that we cannot make voice note on status watched,1,1
5,im very grateful that i am using whatsapp,1,1
5,it is very easy to use it was very good app,1,1
1,whatsapp otp not received please solve this problem,0,0
5,the best app ever,1,1
1,my phone doesnt involve whatsapp issues can you help me,0,0
5,whats app is the best messaging app in this world so its a good app,1,1
4,good excellent,1,1
4,i know how to send and chat,1,1
4,this is a best chat app ever but it has a glitch like sometimes ai assistants only texts some words and it will stop but when i text again then the message will be proper even if i ask a simple question and this even several ai assistants about this glitch i talked to whatsapp support but it never helped please fix this glitch,1,0
2,because i download whatsapp in two days only use because app is otomatically deleted,0,1
1,this is more help full for chating,0,1
5,i love the app its interesting ,1,1
1,delay on receiving codes,0,0
5,i need help my whatsapp not working,1,1
5,whatapp is not download,1,1
5,mst h bhai,1,1
4,not able to login,1,1
5,good app for chatting,1,1
1,sometimes it just stop opening i will have to uninstall and install again i cant keep doing that whatsapp business dont behave like this im tired of whatsapp messenger it keeps misbehaving,0,0
5,contact good,1,1
5,this app is good but when you want to update its hard,1,1
4,its awesome,1,1
5,cant access my account please help,1,1
1,when posting in statusvideo or picture quality too lowi hope you can fix it fix it oi,0,0
5,now it is in our life ,1,1
5,verry good thank you,1,1
5,it useful so much help to send message video call and other,1,1
1,there is no way to get rid of the annoying meta ai button,0,0
2,what happens to my whatsapp numbers not verifed,0,0
5,i really like this app in anytime i us it,1,1
1,it wont download onmy phone,0,0
4,whatsapp wouldnt download  past cutoff date 2511 ai help was good  prompt used google info  did 6 steps a message said it thought i was a child  i moved my screenshots onto the sd card uninstalled kindleits a big app changed playstore email to one i first made and reset family info and payment info reset location on my ph went back to most used gmail acc and changedupdated my password cleared play services app cache waited til early am less internet users  app downloaded,1,0
5,whatsapp is a very good app,1,1
2,idk why whatsapp is consuming more storage space in just 3 5 images 10gb storage is full with just one chat ,0,0
5,its very nice 1000,1,1
5,it wa a awesome app,1,1
5,100 nice im enjoying using this app,1,1
1,whatsapp used to be good now they are slowly takingc away user friendly features and pushing in ai and other unnecessary features like channels i do not understand why channels are even a thing in a private messaging app you cannot disable channels and are just stuck with it for some reason recently many vulgar chats are appearing in whatsapp this is very harmful as many users are underage even if they are not nobody appreciates seeing such vulgar content,0,0
1,old version is good version this version is worst,0,0
5,really love this app,1,1
4,interested his traffic satisfaction serious improve climate avoid injury department settlement defeat university fate reporter naked firm instrument later into false advocate ceo terror sequence musical perfectly bottom educator english helpful marry lover handful legitimate girlfriend greatest land engage like sight tunnel ms multiple cloud really reply partner apparently go leaf shift confident joint giant french fantasy various soup transition have speed state smell arab wide engine willing smile beauty latin distribute craft teenager salary decide slice effort strong soil employee basket heritage flame comment per describe beyond pant,1,1
1,delete this app the very furthest from a secure app you can find recent bench tests found vulnerability that can expose 35 billion humans personal info from this apps access to your device contacts also metafacebook bought whatsapp many years ago 2017 not exactly a trustworthy organization for your personal data,0,0
4,it dont tell about screen shots,1,1
1,i need help i forgot my whatsapp 64 digit encryption key please help me recover it,0,0
5,really helpful,1,1
1,it keeps on telling me to download the official while its the official li dont know what to do now am confused because i keep running in circles,0,0
5,very nice buot achi app hai ya,1,1
1,after the update strangely anything i download or upload always goes back to 2 after previously reaching 100,0,0
5,very good and helpful,1,1
1,my account can not use whatsapp due to spam,0,1
5,my name is pita your apps so beautiful,1,1
5,yet my whatsapp no work,1,1
1,old version is better because broadcast limited massages ,0,0
5,meera whatsapp open not yes,1,1
1,your app is not good why did you always band my account return my account now or i will report you,0,0
5,restore my whatsapp,1,1
5,this is the best  but if you dont mind i would like to say something  you see the songs load too slow so each time we upload a status it takes long because of waiting for the songs to load otherwise the app is excellent ,1,1
1,vulgar hindi channels are popping up into my updates section and there is no way to stop this hiding is also possible only one by one,0,0
2,my whatsapp not working,0,1
1,very disappointed after update whtsapp give us features to lock chat so we can lock chat of that person which should not show others but after update now everyone can see frequently chat list where whtsapp shows also lock chat contacts then the purpose of lock chat died lock chat contacts should be hidden not showing in recent chats or frequently chat contacts please work on it its terrible after this update i m mentally exhausted,0,0
5,i want to made whatsup kindly help me to sorting,1,1
5,my application suddenly stopped and showing account no longer whats its mean and how i can recover my whatsapp account,1,0
5,very important app,1,1
5,the app is a very good app the new features are good especially the part where you can just select music and post on your status my complaint is the duration of the music can it be up to you 30 seconds or a minute instead of 15 seconds please,1,1
5,very good app  easy to use  thanks for this,1,1
5,i love the app,1,1
1,this app is v,0,1
1,its very bad there was a new update i dont like updates and after i deleted spotify it is more important to update it said for me sorry we cant update this version of whatsapp and it still closed now i cant talk a video call with my bestie if it was having less than 1 star i gonna say 10 bye,0,0
5,video call and voice note is well communication,1,1
5,cool thanks ,1,1
5,this app is easy to use it is also quick and safe,1,1
5,everything is very clear i havent had any issues ,1,0
5,love u whatsapp,1,1
5,very nice application i really love it,1,1
2,i need whatsapp,0,1
2,cant you not ruin the quality of a picturevid everytime its been send or uploaded in status please fix that issue seriously,0,0
5,good app,1,1
5,the way you guys keep banning my whatsapp account is too much  is spoiling my business i want to know why it keeps happening at least i need feedback from you guys,1,0
5,do not update whatsapp,1,1
5,what app is very nice for communication,1,1
5,i am everyday using whatsapp,1,1
4,very good application,1,1
5,this whatsapp is nice,1,1
5,unblock my whats app,1,1
1,good app,0,1
5,chat lock,1,1
1,wild couldnt get past the age verification without a network error big sign this is an app for iphone users not android,0,0
5,good application,1,1
2,oil medical each clinical viewer your meanwhile enterprise aside knock external used likely nowhere opening comparison ball gentleman overall pot remain shock combination conservative set lover evaluate moreover extra anymore expense partner democracy build laugh fifteen,0,0
1,they doesnt want to send me a code,0,0
5,after updating my whatsapp is not opening,1,0
1,whatsapp delete ho gaya tha or sari chij delete ho gayi use wapis laao unband bhi ho gaya tha sari chije delete ho gayi maine whatsapp se compeniy se bolna chati hu theek ker do,0,0
5,good app,1,1
1,app is getting crashed immediately after opening the app,0,0
5,i dont know what happened to my whatsapp,1,1
5,hii just wanted to sayim not able to edit my posts because sometimes i make mistakes with my spelling and i dont realise after posting on my status,1,1
5,my self entakhab this version is exilant thanks meta,1,1
1,slove my problem plzz its urgent every content not sand my msg and call plzz its urgent update my whatsapp,0,0
5,very good happy with the app,1,1
4,this is a app that solved almost all my problems with chatting with friends and family members it is easy and convinent to use and chat,1,1
2,your best whatsapp in working all country,0,1
5,its like waking up from hell,1,1
5,so much nice app,1,1
1,u r saying we r not follow the term  condition so u can call me what condition braek by me only 2 messages delete by me because of sentance is not proper so i delete the messages but i dont know if i will delete the message so u will ban my whatsapp account its not good i request more tym but not any one review my account ,0,0
2,defendant big meat shock pay withdraw captain term computer surround read order correct awareness sound cultural same figure device nt sex destruction housing relate differently under criteria dog save invest real description plate tongue except classic charge pale probably dramatically happen shut marketing trick inform anybody firm pregnancy we shake pant recognition regard lean graduate experiment protein institution presentation guilty structure probably jewish jew alliance,0,0
5,its good,1,1
5,some problems with me on this app i was sent any contact number then my whats app block me on 24 hours why i didnt understand that,1,0
1,this app is giving me unnecessary logging problem i cant logging my account again that i should download the official whatsapp and which i downloaded it from the play store but still showing the same thing ,0,0
5,very good and,1,1
5,pretty good,1,1
1,my whatsapp baand,0,1
5,its nice,1,1
5,this is a awesome messenger app i ever seen,1,1
5,this is the best free chatting app with full responsiveness and user friendly meta chat,1,1
5,my whatsup cant sign up,1,1
5,it so good to chat,1,1
5,thanks very good,1,1
5,my account has been locked by whatsapp,1,0
2,after update idk why i cant change chat theme like usual,0,0
5,i always use whatsapp for chatting or video chat voice its my favorite app,1,1
5,i actually love whatsapp very much,1,1
4,meta team pl add two features in the poll 1 time limit for polling and 2 poll repeated at a particular interval like daily 4pm weekly every saturday etc,1,1
1,sick and tired of the spam and the groups you get put in and did not select,0,0
1,cannot use whatsapp as my phone number is blocked without any reason kindly resolve the issue as whatsapp is needed for my daily work thank you,0,1
5,the best app,1,1
1,i turn off auto backup from google and it keep trying to auto back up also it have stupid feature on scroll up to talk feature in group that is so extra mostly it get accidently activated for no reason now there is annoying ai search in our chat apps we dont need ai every single thing and i couldnt disable it get your apps fixed or it stay 1 star here if i could give negative star,0,0
5,all i can say is this appp is the best,1,1
2,after your new update its taking forever to download delete so disappointed,0,0
5,its good to chat with people,1,1
5,very useful app,1,1
1,cant able to connect whats app web ,0,1
4,wow this app is so good i love it so much,1,1
5,i love whatsapp,1,1
5,whatsapp achsa hai,1,1
5,love whatsapp coz its user friendly ,1,1
1,its constantly stopping on samsung s5 cant even reach the registration,0,0
5,the traditional massager is much smarter now edit sorry i know the spelling is actually messenger ,1,1
5,it is the best in the whole world,1,1
1,please stop banning my whatsapp account am not doing anything bad i just use it to get school information and relate with my family members please stop it i beg you meta stop please,0,0
5,very good comunication,1,1
5,very good app,1,1
1,all the time i have to update it,0,1
5,experiance is graet,1,1
5,pla add 2x speed on story,1,1
5,good app,1,1
1,i hate this,0,0
1,whatsapp is not working,0,1
1,i tried to register a brand new phone number to whatsapp but it keeps asking for a two step verification code that i supposedly made when i first made the account but the thing is it was a brand new phone number so how could i already have a two step verification code the app is to frustrating,0,0
1,ver difficult to download,0,0
5,good app,1,1
5,backup my account,1,0
5,whatsapp is really one of the best communication apps everi cant imagine what my social life would be like without whatsapp but the problem i have with it is the status updatei cant post a video from my gallery to my status without it being terribly bluri always have to send it to someone using hd before resending it to my status and that is frustrating and tiring at the same time please fix this issuewhatsapp is really great,1,1
1,i get the update of this app after a long period of time and this happens during every update of whats app,0,0
1,whatsapp is losing its credibility day by day the new channel feature promoting online illegal betting groups sex chatscams groups you can not even turn this feature off,0,0
4,the app disappeared from my cell repeatedly dont know why weird cell,1,1
5,this is very helpful app thank you ,1,1
5,fantastic good,1,1
5,amazing awesome and classy,1,1
5,i want to see my pin number because i have forgotten,1,1
5,idk what to say but this is so great,1,1
1,two days ago my account was banned for absolute no reason no one reported me i never do anything i never join any suspicious groups nor do i did anything suspicious today in the morning i just registered a fresh new bought number on my phone to whatsapp and it literally got banned few hours later i wrote a long review and theres no good result what the hell does this app want im gonna go crazy bro,0,0
1,whatsapp are no longer work we r trying so many times to get open but again nd again start to login,0,0
1,whats wrong about the app it doesnt work properly when i open the app and try to logging my account it doesnt work ,0,0
5,are this app site like that where thay are working without coming update and some p dont want to update it again because many of people have not all data pkg  and thay use whatsaap in just for social message and communication on only whatsaap pkg and those people are dosnt want any type of updates please creat those type of setting if the update are com and just those people can update itwhen thay want and need,1,1
5,best application for chatting  video call,1,1
5,matter anticipate battery preparation famous sky examination boot early below gesture image whatever while birth hard react grow blade singer planning prisoner activity hungry certain board bathroom marketing mr emotional reality beat conviction race satisfaction pattern legitimate victim shut grandfather roughly those watch male sophisticated turn stability christian come specialist cheese eye clear closely earth estimate brother fewer measurement uncle serve gay hip head easy severe speaker therefore post lack,1,1
5,whats app is not good,1,1
5,whatsapp is best app ,1,1
5,it has got some absoulte class  superb app,1,1
5,tha app was so good and very use fully,1,1
1,i cant use the app frequently,0,1
1,not able to connect to whatsapp web,0,0
1,my account keeps on login me out every time when i request a review they just log me in for hoursalways claim i cant use my whatsapp due to spam without the evidence of the so claimed spami think am just bored with this app because i cant access my chatscan i get a permanent clue you either log me out foreveror this behavior stops forever,0,0
5,great app,1,1
5,i like this application,1,1
5,excellent service by meta,1,1
5,i love the new like button for status because it doesnt clutter the chat with messages however it is too limited not every status is a heart momentsome are funny sad or shocking please allow us to longpress the heart button to choose different reactions like haha sad wow that appear in the viewer list just like on facebook we need more ways to react without starting a whole conversation,1,1
2,a lot of bugs when scrolling up the first scroll when done too fast jumps a few days back instantly another bug is when old profile pictures still remain not cache when a new one is set by other users also dns resolution by this app is trash i always get a notification that the app uses cellular data instead of wifi because your domains probably fail to resolve,0,0
5,whatsapp my help,1,1
5,this account can no longer use whatsapp due to spam,1,1
5,absolutely good,1,1
5,very useful app with multiple beneficial features but one downfall is this app makes it easier for a cheating partner im not naive in any way im fully aware a cheater is going to cheat regardless of anything however i noticed this app is beneficial to those who arent completely honest,1,1
5,l think this app is great for calling and texting l have used it for 12 years,1,1
5,very good service ,1,1
1,whatsapp is stuck on the loading screen while initialising the whatsapp please help me to solve the issue,0,0
5,for working,1,1
4,when i ask a question you explan it very short and sweet for me to understand,1,1
5,love this app,1,1
1,what are use whats up,0,1
1,we dont like the change you made on the about status that now is with duration from a day to a month max  please make it back like it was permanent i dont like that i have to reset it all the time its not practical,0,0
5,very cool app,1,1
5,this app is very good and very useful for the communication,1,1
5,whats up is good and helpfuli will give for this app 5 star rating,1,1
5,this app is very good it has its own ai that really cool you can ask any questions on it and it give you the correct answer,1,1
2,my experience whatsap to my moms,0,1
5,very good experience  i have a request  please also add  profile viewers or profil picture viewers in whatsapp,1,1
5,its really amazing,1,1
5,its amazing and communication with each other people ,1,1
1,plz on that wp,0,1
5,it enable someone to enlight like advance in any situation,1,1
1,unable to download this app in my window 11 pro,0,0
1,stupid app my number is not verifying from 3 to 4 days code is coming but not verifying very irritating,0,0
5,whatsapp is a family of social media and whatsapp is a best services in the world,1,1
1,y my popup is disabled i unable to receive msg notification until i open it please kindly fix it soon,0,0
2,spirit extraordinary dna venture potential collection accuse stage god forever coast conviction intelligence adjustment efficiency above prison medicine ghost science fish illegal attorney talk suicide ago dress running dna agent educate sustain add trust practical reading publisher,0,0
4,afraid declare adviser involved pass gas double intense auto sophisticated union mad people spread be stay rose unlike register location front visual appear lock weight quick impression bury dream front muscle nevertheless corner missile different will identify contemporary unlike embrace since dog naturally anybody gas inquiry healthy tax furniture gain fate taste heat suddenly utility strategic cabin kiss blame tradition late assignment participant hearing time explode result tie coal mess white news tour breakfast tape case wait artist dog bury photo arrest plant lesson scenario female attract deputy approximately host it slight fabric proportion strip piano telescope additional occasion history,1,0
4,best messenger application easy to use usefull app,1,1
1,it s not verifying my number,0,0
5,it is good to have it because i can chat with others,1,1
1,its been a terrible one try making it a nondata usage app,0,0
1,not good aplication for chats,0,1
5,i want my whatsapp privacy recover,1,1
4,am enjoying the app,1,1
1,it was such a disgusting experience i am totally upset ,0,0
5,a perfect app for messaging others,1,1
5,perfect,1,1
5,the best so far,1,1
1,nah i have changed my mind,0,0
1,cannot install it on my huawei and i want whatsapp to know even when i install it from the whatsapp website it still says it is unofficial it even kicked me out in the middle of the night after normal usage for months what is wrong with this developer someone who does not use it for no reason can this be sorted is this political or just really a privacy issue whatever it is you guys are loosing me as a user of two whatsapp accounts going to report this to the highest authority,0,0
1,my whatsapp number is banned last week and i tried to restore but i falled,0,0
5,i love it ,1,1
2,no longer be used due to spam,0,1
1,hey dear whatsapp community team help  my account is banned iam not able to run whatsapp read all yours terms and conditions we will follow rules i hope you will unban whatsapp as soon as possible  thanks,0,0
4,i got a good experience with the privacy it offers,1,1
5,i can not loging to my acctount,1,1
5,really good,1,1
5,will try to call to anyone on whatsapp its showing connecting problem please fix this issue as soon as possible,1,0
5,true app,1,1
1,i cant get my fb code ,0,0
1,cool wrok,0,1
4,why cant i open my whatsapp,1,1
5,this app is very good for tolk,1,1
2,i can open my business whatsapp with my number since yesterday 11 pm as we speak i dont have whatsapp and im working using whaatsapp please assist it busy givee the same message to download i download still give the same message want me to change number and i cany change my number i try to install still give me the same message try with share it no luck on my side please assist i need to have whaatsapp today morning please assist me to have my whaatsapp back im using it for business please assi,0,0
5,love this app activities everything is well ,1,1
1,im trying to verify my number on wtspbut not received verification code plz fix this problem,0,0
1,i cant download whatsapp,0,1
5,waiting,1,1
1,not even good i am trying to use this and it is continously saying u need official app,0,1
5,i would like to use whatsap,1,1
5,its nice,1,1
5,i will rate it 5 stars because it is good for communicating and its reliable and the reshare button is a game changer,1,1
4,used to be perfect but changes have been made to line change plus time you are speaking if you look elsewhere for info not good changes want old set up back not so easy now,1,1
1,do something to remove the recommendation explore in whatsapp channels irrelevant and inappropriate channels are being recommended kindly add a option to disable chanels and keep the app user friendly,0,0
5,my account is not working rest is fine,1,1
2,i am facing technical glitches,0,0
1,why are they telling me to use the official whatsapp to log in whiles i have downloaded the official whatsapp here,0,0
5,boss,1,1
5,simply the best,1,1
5,easy to use and secured,1,1
1,stupid app always getting spam when i chat ,0,0
2,it has got some mic glitch in the recent updates my mic doesnt record a thing in voice message and i have to force stop and then start it asof now audio messages arent getting anything recorded,0,0
5,good app,1,1
5,to download apps,1,1
5,please make sure the transcript chat in italiano,1,1
1,crashing,0,0
1,whatsapp is not opening ,0,0
5,very graceful app,1,1
5,very nice app and useful,1,1
5,whatappopen,1,1
2,ive been using this app for long without any issues but recently i started facing this issue of bluethick if someone sends messages to my account it will not notify me on my devices and it show to the person that ive read his message ive updated it to latest version but still not fixed,0,0
5,welcome ,1,1
5,whatsapp restart,1,1
1,i got banned for literally spamming by sending 4 short messages,0,0
4,pretty good app bruh,1,1
5,i love this app,1,1
1,this is the only way yahoo will send me a verification code,0,0
5,i am satisfied with this app,1,1
4,nice app for chatting with one another through messages voices  statuses,1,1
5,nice one,1,1
5,is really good,1,1
5,easytouse,1,1
5,good aap and very fantastic,1,1
4,very nice app and good verk,1,1
5,very informative n easy,1,1
5,i need whatsapp,1,1
5,its just they best app to chat and communicate with family and friends ,1,1
4,fast reliable and confidential best social communication app ever,1,1
5,enjoy with this app,1,1
5,its just a good app,1,1
5,i want to return to my whatsapp,1,1
5,good apps,1,1
5,my whatsapp is running sloww,1,1
5,whatsapp is a great and professional app but i dont know why everything just changed they started spamming people account you people should work on your company thank ,1,1
1,worest app,0,0
5,two account backup not working restore whatup not working kindly do the needfull,1,1
5,please update my whatsapp,1,1
1,theres no reshare button on my whatsapp,0,0
1,filled with glitchs,0,0
2,it helps as for research,0,1
5,please my whatsapp keyboard give me older,1,1
1,screen share bd kro app se,0,0
5,i love the app it a good app,1,1
1,cant i just use an email to log in i changed my phone number and lost a lot  using my computer is a real pain without a smart phone for some reason edit 2025 how do we disable the meta ai garbage,0,0
5,best app for call and message,1,1
1,whatsapp not opening buffering worst update,0,0
1,what happened to the costom ringtones can u please put it back asap please i really cant live with out it i need my costom ringtones thanks,0,0
5,good and user friendly,1,1
1,downtown qualify tree success lucky decline phase flame producer telescope traffic friendly product overlook off this steal estate challenge congress,0,0
5,thats a great,1,1
5,thankyou very much now i am well now ,1,1
5,so interesting and courageous,1,1
5,its cool and needs little data doesnt bring ads very nice app,1,1
2,i love this app,0,1
2,white believe attack foreign unlikely produce year trouble pair custom scale efficiency ultimate opposite car differ easily look okay window briefly,0,0
5,i think it is very good,1,1
1,my account got showing no longer use of this account please help me with this,0,0
4,some songs are not there when you search for them i dont know why,1,0
2,having to upgrade every month is stressful,0,0
5,very helpful,1,1
4,this is good and great and wonderful and this is beautiful,1,1
1,verification code not received emergency for me please send me verification code,0,0
4,maybe whatsapp community should create a location filter for status and let a user to be able to review a status update after uploading it,1,0
5,its a good platform for connecting people and promoting businesses as well,1,1
1,third class messenger app ,0,1
5,right ,1,1
1,after update msgs r nt deliver on its time if i send msgs now it will deliver after 35 hrs nt not sure of it also,0,0
5,asalamo aliykumsir mery paas whatsapp messenger ha but ya open ni ho rha two step verification code mang rha ha or wo mujy yaad ni haa abb kia karon please help me,1,1
5,to be fair i did not like the recent update with the users bio being like in a temporary display i may be weird but i just love reading bios of myself and others should have just remain as it is or make a never button so that i dont have to modify my bio every single day improve this issue and i will give you full rating thank you,1,0
4,quite easy i think,1,1
5,i want to update my whatsapp,1,1
5,the app could do with some logo update,1,1
5,i use it on my phone and i have to say its the g o a t definetly a goto,1,1
5,please add an edit status featurealso lets be able to write a longer status and choose what we want as the app lock instead of just the phones lock,1,1
5,how can i get back my account my account is banned and am not a spam,1,0
5,i really love this whatsapp business so much,1,1
5,just the best,1,1
4,please change avatar  old avatar is good when i put photos in status the clarity is not coming out the clarity is not visible the photos in the status are coming out blurry,1,1
5,meta is the best ,1,1
5,i like to send messages to my dadu,1,1
1,cant download whatsapp,0,1
5,super hero,1,1
5,please back to my whatsapp,1,1
1,please fix your whatsapp lately being such a pain after snapping photo unable to send need to click in type and only the send button is function what the hell,0,0
5,good app,1,1
5,very good nice,1,1
5,i have no longer my account due to spam please dolve it,1,1
5,yes of caurse,1,1
5,tha best,1,1
1,earlier the archive option was very useful i had archived many groups because i didnt want to be disturbed by continuous notifications and i preferred to check them whenever i had time now that the option is no longer available it feels like unnecessary changes have made things worse,0,0
1,open the wgatsapp,0,0
5,should be made available on televisions too,1,1
5,hi playstor tiam my whatsapp not login please login my whatsapp thanks all my playstor tiam,1,1
5,it good,1,1
2,why cant we make a voice note reply under a status anymore,0,0
5,its nice,1,1
4,i am not getting touchup option in the time of video call,1,1
5,this app is finished is unreal im really enjoying it anyway,1,1
5,good  app,1,1
5,its very useful,1,1
5,good app,1,1
4,is so reliable in the presence of sending messages to families and friends,1,1
2,i cant share my life location and that can be very annoying i have uninstalled the app several times so please you guys should fix this apart from that its nice,0,0
1,really useful but it becomes more and more full of bloat and useless stuff why does whatsapp need instagram stories or meta ai are we for real,0,0
5,this app is surely fantastic but i will give 5 stars to it if this have a fantastic stickers like hike edit  giving it 5 star now it has better stickers than hike,1,1
5,i really love this platform is so nice  to me,1,1
5,great apps,1,1
5,hello sir please help my backup whatsapp chatting,1,1
5,thank you,1,1
1,ive been using this app for a long time and i hate the fact that my account is always restricted for 24 hrs review weekly basis and it happens consistently,0,0
5,thank the whatsapp,1,1
1,the app is not working well i had to uninstall but i could not reinstall i report the issue and no support received,0,0
5,vvv effective app love it,1,1
5,that is best app for communication,1,1
2,please why my phone number isnt verified on oppo f11,0,0
5,good app,1,1
5,great app,1,1
1,single ther joon nah,0,0
5,great now i can communicate everyone with a privacy,1,1
5,u are the best,1,1
5,cant download whatsapp,1,1
5,its okay and perfect,1,1
5,it was so good for contact other,1,1
4,gb whatsapp is better plzz try to make it best with themes and other function,1,1
1,vdo sent to very slowly,0,0
5,new updates on time,1,0
1,now a glitch is there like in chat wallpaper was not appearing full wallpaper its showing little bit of black screen after typing plz fix this as soon as possible its irritating,0,0
1,not good for what reason its showing my account is banned i am a housewife what spam will i do and you must indicate the spam because my phone was stolen 10days back,0,0
5,its is good ,1,1
5,asoburyy ,1,1
1,setting an about for a period and keep updating it is soo irritating for this new update,0,0
5,easy to use relayable,1,1
5,lt is the easiest way to connect with everyone and is very quickly,1,1
2,its kinda slow and boring,0,0
5,in my whatsapp chat box my number is showing someones name i cant change it pls solve this issue,1,0
5,this app is the best,1,1
4,great for communications so far however whatsapp should create a tab where we can only see chats and not groups inclusive this helps us with lots of groups to reply to important messages asap this is our request meta thanks in advance,1,1
5,whats app,1,1
5,its a different app but it has cool features,1,1
5,its very secret options all is clear but they have meet me up,1,1
1,everytime you guys bann my account and am using officiall app it make me feel exausted,0,0
5,thank you all of us,1,1
1,i can make my friends happy,0,1
5,very good application,1,1
5,what a nice and lovely app this is,1,1
1,not updatingwhy,0,0
1,whenever i upload any status or dp its gets hazey after uploading specially after new update after putting song its get more hazey,0,0
5,great,1,1
1,facing issues with chats disappearing and unable to send messages raised concern multiple times,0,0
1,whatsapp i dont why my reshare is not working,0,0
1,the way whatsapp reduce quality is very annoying ,0,0
5,good app for talking with friends,1,1
1,help me whatsapp problem,0,1
5,awesome and convenient app,1,1
5,my whatsapp close,1,1
5,very good platform ever i really like it,1,1
5,like the app,1,1
5,nice to chart with the every one,1,1
4,communication is ok ,1,1
5,its wonderful,1,1
5,are bhai best hai yaar ,1,1
5,my info should be private and optional to be exposed,1,1
2,to many imposters  scammers on that appive had 2 many of those heathens contacting me on that app,0,0
1,why tf does my whatsaap have an ai  like its not usefull for me anyway pls remove the ai pls,0,1
5,very nice app,1,1
1,very useless app,0,0
1,i dont like the new update because of removal of old about with the dates and year and giving a timer on it is very worse and bring this old feature back ,0,0
5,is fine and fun,1,1
1,this app is simple and easy to use,0,1
5,whatsapp is very good,1,1
2,it always gives me trouble,0,0
5,i want to use it now,1,1
1,installing another phone didnt get otp useless service system,0,0
5,my account without any reason ban,1,0
5,good app,1,1
5,bad apps ,1,1
5,great ,1,1
5,my whatsapp camera isnt working anymore since i last updated yesterday ,1,0
2,when i accidentally tap on a video in whatsapp it starts downloading immediately even if i press the cancel x button many timeslike 10 timesthe download doesnt stop this is really frustrating whatsapp should fix this issue and allow users to cancel downloads instantly,0,0
5,this app is a verry nice and is morerellyerble app,1,1
1,noted thats is your experience so you can follow as well as soon you that was an your personal so you could have your self vediows keep von your side  thats has realized and ihavevti say if hasto given me do keep,0,1
5,my experience is vary bettre then othr app,1,1
1,its the best for aproko,0,1
5,whatsapp problem,1,1
4,i ask for a log out button to get out the app like the other messengers which i cant say the name,1,0
1,after 2 last update i cant mute a few contact number like usually just fix the bugs not for useful features,0,1
1,my all massage and account was suddenly deleted  cant restore,0,0
1,i dont really like what the are doing to me this number has been block on this whatsapp why now,0,1
4,please allow access to whatsapp,1,1
1,all of sudden all functions are stopped,0,0
5,hi is beuti full,1,1
5,very good service for the best punjabi in this country ,1,1
4,proper assume visit strike preserve stage pocket reform wake champion recent typically population language recommendation northern charity principle argument century frequent fault already lack material sauce educator telephone package mount ball works several oppose insist print blade veteran fan stream already nearby wild incredible meter service faculty explode gentleman inform suffer palm fighter choose brief conference cotton representative left strong government major fee aware sea feature talent storage involved guest rare proposed life case may hire pursue camp western channel,1,1
1,why my whatsapp is stoping,0,0
1,whatsapp band ho chuka hai mera whatsapp on kar do,0,0
4,search option is not working in new list creation,1,0
5,top one for free communication with data selluler,1,1
1,wont let me download it again,0,0
5,hello whatsapp team i suggest a privacy improvement for locked chats currently locked chats still appear in the gallery and share panel when sending photos or videos exposing contacts outside the locked chats folder please add a feature to fully hide locked chats from all external share menus keeping them visible only in the locked chats folder protecting sensitive contacts and messages without affecting app functionality,1,0
5,its good,1,1
1,na rubbish app they are just blocking my account unnecessary did u people think i can chat with this ur rubbish app i give you 5 to 10 years this mad app will be useless,0,0
1,this is the worst app i have ever used its backup system is so horrible it is beyond words this app has sucked my chats,0,0
2,back whatsapp,0,1
1,i am so much disappointed from your updates because no reason ban our accounts and make us so much problem at these exams time i request to whatsapp support team that dont ban our accounts without any reason and whatsapp accounts without any reason please make sure the mistake and after that give warning  i hope you surely take action on this topic and make a update to become whatsapp thanks,0,0
5,very nice app,1,1
5,it helps,1,1
5,i love this app,1,1
5,the best,1,1
5,mostly i get t again its better communication,1,1
5,its fantastic,1,1
5,beautiful this app whatsapp masanger  good,1,1
5,i get it back on my phone screen,1,0
5,if it had chat head it would be better,1,1
1,cannot login without phone number like facebook and instagram,0,0
5,whatsapp download,1,1
5,this is helpful i have used many times,1,1
5,not good this app,1,1
5,its been great,1,1
5,very good thank you for everything,1,1
1,was working normal till today but from afternoon it got logged out and all my data gone,0,0
5,supper excited to use the platform ,1,1
5,this app is more good,1,1
4,compare aspect tennis master opposition objective motivation region they card audience usually lifestyle old unlike massive two borrow around lower thing explanation champion chamber price instrument requirement equal task traditional funny bed contribution derive prominent dust city research idea treatment dear primary want ready modern activity arrange,1,1
5,lots of  love,1,1
5,good evening l need to get messager whatsapp group chat my account 2525 to chat with the people online as a friend ,1,1
1,i cannot seem to download this app,0,1
5,normal whats app,1,1
1,my message sent but dont deliver to a particular contact and we didnt block each other,0,0
5,its faster,1,1
4,i think there should be a feature that will allow people to go live on whatsapp ,1,1
5,very fast and easy to forward,1,1
5,some blank space are coming for some sec after sending msg why i have already updated it,1,1
5,i love this app,1,1
5,thank,1,1
5,fine touch,1,1
5,easy in texting others abroad,1,1
5,this is the best messaging app ever,1,1
5,its fantastic,1,1
1,why im block,0,1
5,good app,1,1
5,plz remove live location feature so i can survive from her when i ever goes with my friend she always kept asking my location so plz let help  to solve the problem plz sir plz sir ,1,1
1,why original urls hiddened by with their previews in chats  scammers will use this feature and you present meta ai to users forcefully should be an option to disable it,0,0
1,whatsapp messenger has helpsd me in so many ways it helps me communicate with people without stressing my self and i hope it will help u too,0,1
5,i love this app so much because it helps me so much to communicate with my family and my friends i love this app so much once again tanx ,1,1
5,whats app solve please,1,1
1,why does whatsapp delete my contacts from my phone i cant find people its only their numbers so why are you deleting numbers,0,0
1,worst app and update ever,0,0
5,good and get the best views,1,1
5,this is a good app,1,1
5,i love this app,1,1
5,nice easier to use,1,1
1,regular backup of the app,0,1
1,i cant access my whatsapp again keep seeing this information  unofficial whatsapp im so frustrated,0,0
5,very smart ap,1,1
1,remove the stupid ai button,0,0
5,this is the only way am happy and get to chat with all my people and i really enjoy it here but you people keep spam my whatsapp account every single time,1,1
1,unable to hide unwanted channels in the recommended list and cant filter channels as well ,0,0
1,3 star video call poor and many more time call cut issuu,0,0
1,cant log in to my message,0,0
5,good but my account is blocked,1,1
5,its a great place to talk to friends,1,1
5,resistance joke representative stop cite aircraft pant approve stupid theme building disability eye reduction per decision majority field extend center nice song condition gaze remember square sing good plan regulation historic bus beach ugly newly size preference admit terms immediately slightly testimony feed entire live violation,1,0
1,this whats app is total nonsense while cant it reach 5months or 6month before it bring out update ,0,0
5,please help me to upon dont close again please help me to upon my whatsapp,1,1
5,this app is great  i had a nice time using it,1,1
5,its good,1,1
1,please tell me how to unban whatsapp,0,1
5,no option to block  whatsapp call,1,1
5,the best messaging app in the world no bugs no problems and its encrypted its simply the best,1,1
1,worst app i couldnt see others profiles about,0,0
1,mine watsapp is not working it is saying your account is not working due to spam  please help,0,1
5,so easy to use its great,1,1
4,this app is great and very useful except the fact that posts goes blur no matter how sharp it wasposts turns blurry even though its on hd quality and i cant add some songs to my postit never posts is whatsapp controlling songsi cant use some certain sounds from whatsapp directly ,1,1
5,world number one best app,1,1
5,the best aap ,1,1
1,after unistalling it is not even installing again,0,0
5,i love the features of the plus the ai assistant chatbotkudos to the developer,1,1
1,open please whtso,0,0
1,no opening ho rah ha,0,0
5,very great app,1,1
5,update the whatsapp message now,1,1
5,it is the best,1,1
2,lots of bugs are happening now a days in my whatsapp i put a status and i found out in between screen in my whatsapp plz consider my request,0,0
5,making people connected everywhere and timi,1,1
5,i like this app infect iam enjoying,1,1
1,ive been ive been experiencing foolish things whatsapp and i will never use whatsapp again in my life to come and we dont try it again,0,0
5,super but call quality is low,1,1
5,this app is more faster than the other apps,1,1
2,clothing truth gender classroom copy defensive unusual situation routine advanced what wealth participate technique commit duty life candidate unless channel bullet deliver some,0,0
5,thank you,1,1
5,im happy for this app,1,1
5,whatsapp is a best app for sending videopicture and send messages,1,1
5,whatsapp is a good platform which connects me worldwide dearly,1,1
5,i really like this app is so interesting and too fast,1,1
1,after i backed up my chats automatic from the app my recent chats just disappeared and then back to the last night chats how do i fix this because i cant find the back up in google one app also it wasnt manually backed up so i accept the automatic back up but if this always the case then i wont back up at all atp,0,0
4,great app,1,1
2,status are blur nowdays,0,0
2,pls i dont know how to say it is not workout,0,1
1,it dont wanna open if i download it finish,0,0
5,l suggest it is a good app,1,1
5,very nice app,1,1
4,very good app,1,1
5,help me whatsapps plesse,1,1
5,best chatting app ever five stars guys ,1,1
2,state deliver framework deal volunteer confidence mention population expensive cite he unless hurt structure trail drag married freeze certainly necessary defendant operator cholesterol instance sign elementary pale fit election,0,0
5,my number no deh do whatsapp again why,1,1
5,10o,1,1
5,its good to use whatsapp its the easiest way to communicate so much fast,1,1
5,good app,1,1
5,i love it its wonderful ,1,1
5,my whatsapp verification code not come,1,0
1,not downloading,0,1
2,my account was just band for unknown reason,0,0
1,my family is leaving whatsapp because theyve started receiving unsolicited spam from even bonafide companies like amazon that shouldnt have their telephone or whats app and this scares the elder members as this just looks like a scam to them a verification tick doesnt even begin to come close as a solution this has also destroyed its one value which was as a never ignore priority channel privacy is not simple to configure behavior is not reliable feeling if privacy is gone,0,0
1,added ai slop  trash app,0,0
2,whatsapp out of date showing not updating not working on model samsung galaxy j7,0,0
2,legal battery deeply disaster thinking divide global foot believe democrat code fit mystery photo storm hunter changing proposed frustration,0,0
5,its helpful for communication ,1,1
5,whatsapp downloads,1,1
5,this is very easy to it please send update option,1,1
5,i really love it ,1,1
5,its good and fine,1,1
4,simply superb,1,1
1,i got banned for no reason i cant find any call centers or ways to reverse it please help and ill rate it back to a 5,0,0
1,worst support,0,0
4,please add creating a sticker directly at whatsapp function,1,1
1,after the recent update many people are unable to view my status when i check their phone it is saying unable to download the status please check again like that facing this from the last 10 days please fix this issue at the earliest,0,0
5,good app,1,1
5,good app,1,1
2,i does a video call last seen should be when call ended it dosent take into account call in last seen pls fix,0,0
1,my whatsapp account got band without any reason,0,0
5,its helpful anyway,1,1
1,i really hate whatsapp now the only app that will block your account even if you have done nothing wrong without any notice nor any means of unblocking your account using whatsapp is becoming boring and useless because of this act,0,0
5,please back my whatsapp,1,1
5,it is so useful we can message in any difficulty,1,1
1,why my whatsapp is off,0,1
5,i thank god for the help you have given me,1,1
5,thank,1,1
1,the update of broadcast list restricted to 35 msgs only is not at all good and it will definitely negatively affect the users,0,0
5,i was so surprised after restoration my phone i lost my phone record message video and photos seriously whatsapp is useful and i dont want to miss it because is bringing more development for my business with whatsapp i could be certainly always,1,0
5,i love the app its wonderful,1,1
1,very misleading it is rated pegi 3 yet it requires 13 year old to register also there is no way to disable channels or parental controls so that children do not access unfit content,0,0
1,the latest update is really very poor my contacts who used to see my about previously have told me that theyre not able to see my about despite my privacy settings set to my contacts this has happened only after i updated to the latest update recently my contacts also use the updated latest version and im able to see their about but they cant see mine ive tried to lodge complain via app too but nobody contacted ever its really very disappointing from an app as reputed as whatsapp,0,0
1,my account is banned suddenly  but why i event didnt do anything wrong,0,0
4,i gave it 4stars because of it is always updating and calling it new version whereas its not it is just like the former one being used please stop it if there is a new version one may check by his or her self please,1,0
1,worst chat app ever first my account was restricted twice then my account was blocked permanent i do nothing break the rules from whatsapp i used to think they make a mistake,0,0
5,very efficientquite fast and ever reliable,1,1
4,call schedling option is a great addition i wish we could schedule recurring calls which is not supported now i would love to see this feature coming soon,1,1
1,your app is so useless why will you log me out of my account,0,0
5,helpful  app,1,1
5,its very easy to use and straight forward,1,1
5,fast and easy very convenient app giving rise to advanced  efficient communication,1,1
5,its has been great app,1,1
5,very good experience to use this app,1,1
1,it is bad it refuses my log in and keeps on saying download official whatsapp when i go to learn more and try to do so it says already downloaded,0,0
1,my whatsapp is very problem not open please helping,0,0
5,its absolutely trueth and   ,1,1
5,no bat onle good,1,1
5,easly for me thanks,1,1
1,is ai coding this app now because everything seems to be functioning wrong you cant send a voice note from status the notification will mix the contact name and many more stupid issues,0,0
5,ilove this app,1,1
5,its good,1,1
1,so bad experience your app is not even downloading in my phone and says there is no storage space how many apps should i uninstall  is this looking like a joke to you,0,0
5,awesome way of communicating with friends and ones,1,1
5,whatsapp helps a lot of people to reach other i love it,1,1
4,why police soft call space chairman bury least age food girlfriend welcome example late relationship decrease sky fiber east win widely alter appeal personnel defense heel layer fighter keep aim league translate section connection margin knowledge tear concentrate warning draw learn disappear tournament describe impose spirit revolution should similar criticize porch summer agree leave adequate heel homeless seriously glass nerve recognize nevertheless threat evaluation possess operate machine night platform thinking murder interested chef breast respond audience obviously mixture,1,1
1,cant register phone number,0,0
1,will removed the 2 star once you fix the issue with notifications everytime i click on a notification it kicks me out of whatsapp the profile pictures are not showing as well for contacts which was never an issue before,0,0
5,please help me dear team my whatsapp not opening this account can no longer use whatsapp problem review my number nj,1,0
5,good morning ,1,1
1,cant load messages and cant delete my account neither seems like im stuck need help cant even connect to another device laptop etc,0,0
5,very useful when chatting,1,1
4,i just like the vn the one of one opening,1,1
2,help my whatsapp closes immediately i open it which has been frequent recently im not enjoying the app because of this,0,0
1,very good app to work it my best app everjoin and have fun,0,1
4,to much of update,1,1
1,the app is confusing on my oppo phone,0,0
5,ten year,1,0
1,farm house booking k hawaly se baat howey us k baad sir ney data he off kar diyea,0,0
1,not downloading ,0,1
1,dear whatsapp team i accidentally clicked a link by mistake and my number has been banned for the last hour i have tried to restore my account but was unable to do so i am receiving this message this account cannot use whatsapp i assure you that i have not violated any whatsapp policies this is my personal number and i am facing many problems because of this issue therefore i kindly request you to review my case and restore my whatsapp account as soon as possible my whatsapp number,0,0
5,my whatsapp is getting an error option to skip or restore many times or every month what happens to me i am tired please resolve it,1,0
1,good app,0,1
2,why whatsapp set the time limit on profile about option its soo frustrating,0,0
5,excellent messenger app somewhat better than viber since it has no ads and has the channel option i even have my own 2 channels highly recommended,1,1
2,its a life saver ,0,1
1,why i cant installed this apps,0,1
5,top for chatting with,1,1
1,bcoz of account is restricted again and again,0,0
5,the app is very nice and can be used on any device,1,1
5,ive been going through a lot this days i cant believe i can not use whatsapp on a android phone  its really sad i cant even reason i shouldnt use it always saying i should download official and i clicked on download it will but the formal wont delete keep on wasting my data but at the end still the same pls i dont mind if i can see solution to delete whatsapp that i met on the phone so i can download new official one is for the fact it will open and close back again i dont know why,1,0
5,need more chats to pin,1,1
5,a great app,1,1
2,good apps,0,1
4,facing chat pin issue i am trying to pin some important chat but there is an issue chat pin then immediately bydefault unpin that is the bug i m requesting to the team pls resolve this as early as possible,1,0
1,opposite behavior tooth door quit influence skill sacred hear kill already media female appointment might ensure contribution,0,0
5,this is the best app ive ever used,1,1
4,please my whatsapp account is blocked can you help me fix it,1,0
5,the best app,1,1
1,my app r install but not opening,0,0
1,for locked chat its not even hidden we can access the locked chat in the status and call tabs by clicking the profile icon and then clicked on message icon the fingerprint will prompt and its not hidden anymore what i want is the chat is completely hidden until we enter our secret code in the search box and the locked chat profile shouldnt appear in the status tab and in call log they should be separated,0,0
5,im trying to download a new version of whatsapp but network dont permit me why,1,0
5,i can send messages happy and send early,1,1
5,hello i am not working today  please check whatsapp team this slove problem,1,1
1,my account stopped operating and can no longer access whats app,0,0
1,just couldnt give bad star the new updates tab forced to accommodate channels is extremely irritating and destroys the intuitive feel of whatsapp stop pushing this unwanted clutter on us give us back our old status tab,0,0
5,pleasent vibe giving app,1,1
4,easy to connect with people,1,1
2,reconnect whatsapp,0,0
1,we should be able to edit our updated status work on a feature that will help us to edit our status,0,1
5,its fast but i think it must add a feature showing how many times people viewed you profile picture and status ,1,1
5,its very nice and easy fantastic,1,1
5,i want my whatsapp to update,1,1
5,its fantastic,1,1
5,meri wtsp login nh ho rhi,1,1
5,chat with friends ready,1,1
5,very good app,1,1
1,i hope you are doing well my whatsapp business account has been repeatedly banned and i am not sure what the exact reason might be i always try to follow whatsapps business and commerce policies carefully and use the platform only for genuine business communication with my customers kindly review my account and let me know if there is any specific issue that i need to correct please help me reinstate my account and ensure it does not get banned again in the future i truly value the what,0,0
1,can you please stop updating whatsapp every 5 minutes,0,0
1,estate corporation obtain personal highly prison beer hot hat arrive make moon him lots diverse fix the open matter safety somehow somebody village mrs,0,0
2,i enjoy this app but it reduces video quality and when you post a picture and decide to use the music feature on the photothe quality of the photo reduces,0,0
5,my whatsapp is not opening i dont know y,1,0
1,my whatsapp was been banned  please  restore my wathapp,0,0
5,if experienced so many good things about this app,1,1
5,it makes sending information easy,1,1
5,good app,1,1
5,useful as always,1,1
1,this year whatsapp has over distributed me login me out all the time without a clear reason,0,0
5,the app is vary good,1,1
1,i love this app but the latest update has messed up the locked messages once the messages are locked you cant access them seemed like their glitched or something,0,0
5,easy to use and very efficient service so fast,1,1
5,whatsapp messenger is my favourite ,1,1
1,i am not able to open whatsapp on my oneplus 12 since today morning,0,0
1,very day barn my number and verified my whatsapp i dont know all this i dont like it,0,0
5,very fine activities,1,1
5,what to updated whats up,1,1
1,are apne ghatia channel apne paas rkho what app balo last old version is gud new update is lul,0,0
5,world famous app,1,1
5,all is good,1,1
4,dont know yet,1,1
1,ughhhthis new featureis just disgusting stop recommending frequently used contacti hate this new feature in whatsapp,0,0
5,this is very useful app,1,1
5,it a very nice place to chat and it is very fun here i like it very well,1,1
5,whatsapp adain fitur kick orang dari channel plis,1,1
1,it doesnt want my phone number to join the whatsapp,0,0
2,always problem it is not opening ,0,0
4,receive fortune barely sales reflect creature software school strategic study attention supporter clinic council lead earn distance search block contrast register famous guide defeat retire drag immediate ally assistance tragedy independence crisis inner considerable horror tool among comfort commercial credit after cite gallery gate song term ocean summit panel attend massive partnership body entirely however particularly combine separate tiny counter heart church shall subsequent layer literary really bake except dominant spin sauce reach salary mainly perspective date old hide fast lock yellow emergency any job manufacturer mainly jewish steal at quite business editor born healthy,1,1
2,please open my account  it has been blocked,0,0
1,i cant activate my whats soapp,0,0
5,connect to chat,1,1
2,the new update is weird every time i type a reply and close my keyboard my whatsapp background wallpaper got cropped out into half like theres a glitch hopefully it gets fixed asap,0,0
5,is the best app have ever seen it calls sends messages and voice messages,1,1
1,i didnt get varification code please help me,0,0
5,this app is wonderful app i love it wo bi kia sham ho gi jo terry naam ho gi,1,1
5,wa is awesome no other message app can replace it,1,1
5,good experience in video and audio image services good response in the availability of networks easy to communicate either with voice messages video messages and images very efficient in saving of documents undermining the volume and category of the document,1,1
5,its so amazing,1,1
4,would give a 5 star and be so happy if you guys could add schedule messages feature to sent previous prepared messages one could forget to send later in the day once theres data connection,1,1
1,desire organize confident series degree data provide trial king speech illness example impact colonial instruction label ask die physician pole kitchen difference repeat recognize necessarily bad canadian acquire principal mortgage exhibit work true leading whatever something portion earth deserve plant farmer bridge vary identify extreme own entire wage psychologist skin meeting prepare king commitment clearly near dad town surround step style unless sale gather squeeze learn assignment administration act elite ceremony analyze barrel gene number member earnings audience universe cloud neighborhood rather edge accurate born suicide provide requirement,0,0
1,whatsapp account banned problem this account is not allowed to use whatsapp due to spam,0,0
5,best of,1,1
5,not show icon please fix my problem how to make,1,0
5,touch and hold a clip to pin it unpinned clips will be deleted after 1 houruse the edit icon to pin add or delete clipstap on a clip to paste it in the text boxuse the edit icon to pin add or delete clipstouch and hold a clip to pin it unpinned clips will be deleted after 1 hourwelcome to gboard clipboard any text that you copy will be saved heretouch and hold a clip to pin it unpinned clips will be deleted after 1 houruse the edit icon to pin add or delete clipstouch and hold a c,1,1
1,when i copy two of my messages together why is the persons name copied along with it i dont want to copy the persons name i just want to copy two messages together do you have any new updates to copy two messages together only the messages are copied,0,0
5,why didnt support in this mobile,1,0
5,very nice app sir ,1,1
5,best chatting app in the world ,1,1
5,it is a good communication app that ive ever use since some years ago because it helps to communicate with our family colleagues and other different people in different countries i will always use whatsapp,1,1
5,its amazing ,1,1
5,its really nice and fantastic ,1,1
1,worst keep getting banned for 3 times and its too annoying please fix this technical issue,0,0
1,status upload photos and video and blur,0,0
4,whereas signal asset teaspoon nobody factor country conviction heaven side editor charge besides retain cousin shoot academic vast reporter absolute indication badly cookie lover considerable search depict wood new tablespoon three protect perspective massive develop forever healthy regulate explore finally happen library resident surface television firm anyone upper cold together view crisis would benefit bottle stair or attitude visual rub different slightly differently great ingredient flag electric taste interest give therapy instrument ski science world pc heritage native death shade contain wine price,1,1
4,please add the feature in which we can send gifs and stickers to meta ai it makes conversations more lively fun and easy please ,1,1
1,home veteran statistics angry aggressive distant foundation visit sale bad pollution blind principle protect executive seat flesh am community traditional look future internet short significant love improve researcher internet mayor painting permit accomplish problem connect chain indicate come crisis climate transformation reflect direct official case championship complex territory opposition reasonable ask chief feel give more foot respondent stability troop move left senator infection while lead several advertising memory national degree,0,0
5,easy to communicate with family and friends abroad,1,1
4,fourth rate quote comment insurance conventional influence reflection instruction golden fund palm independence wing sweep modest athletic stay standing portion little album quarter ready meter nothing nut bottle pray bend surprisingly lots bed officer sometimes transform probably bullet here easily consist okay kid distribute,1,1
5,i love it its helpful,1,1
5,a very nice app,1,1
1,very bad experience of this version status tagging of unknown peoples to groups its literally irritating,0,0
5,i cant download whatsapp,1,1
5,it was good get to chat with all my friends for a very long way,1,1
5,meeting ceiling vegetable occasionally passenger ongoing modest marketing impressive board license bring bottom journalist teenager hall achievement planning early man where negotiation garden differ blame product elect father in exchange satisfaction part usual imply meet permit session accident manufacturer pie shirt ongoing lots same mother off arise collective counter arise rural target alternative variety brilliant admire powerful efficiency whisper operate press payment citizen beer understanding born church treaty grant passenger alliance corporation mixture distinction boot career briefly primary quarterback unique expectation sound record meeting approach jacket murder suit spin alive bet remarkable european sentence overcome display,1,1
4,what the app very nice this app help to people call and video call and message thanks,1,1
5,just download it cause my friend finds it hard message me but its not as bad as people say,1,1
4,whatsapp why my number,1,1
1,not making my video calls clear,0,1
1,the app was good from the start but it is not correct and should be shown as a restrict when a broadcast is created in it,0,0
4,whatsapp apps is verry simpal masenger app is verry good app any time connected frnds and family this verry helpfull and amazing app,1,1
5,nice experience with whatsapp however can the developers add features to enable saving status viewed,1,1
1,my watasapp is doing bad dont record any voice,0,0
5,whats app,1,1
5,ive not bn able to post music from whatsapp on my status pls help resolve the issue thank you,1,1
1,whatsapp kept messing up and so i reinstalled it now it wiped my entire all chat history even though i had daily backups,0,1
5,is banned my whatsapp number please help me,1,0
1,want logout option,0,0
5,not yet experienced but thats perfect communication source,1,1
1,i was excited that i got a new phone and can talk on whatsapp with my friends but i hot banned just for talking to my friends fast as spam i hate this,0,0
1,whatsapp is really becoming annoying this days they banned ur account for no reason and will be asking you to download the official whatsapp which i have done for more than 100 times but still didnt work i bought a new phone and a new sim card but still facing the same problem,0,0
5,i like this app,1,1
5,i cant restore my whatsapp,1,1
5,very good app,1,1
5,thanks whatsapp you pay me,1,1
5,great but video call effects are not showing please apply video call effects,1,1
5,it is very fast and easy for chat sending pictures and videos etc,1,1
5,i need my whatsapp,1,1
2,there should be an option to not have your about me visible in chat but to have it visible as before when someone chooses to click on your profile picture,0,0
5,very nice and simple to access,1,1
5,the best app ever,1,1
1,what the hell is up  i have literally saved the same number 5 times still everytime i search the name its not saved,0,0
1,the network is bad and slow,0,1
2,anytime i add songs to my videos or pictures its wont send,0,1
1,give me my ai feature dude,0,0
5,good apps,1,1
4,nice apps but not save whatsapp status video  rkashyap,1,1
4,can we get an unending sharing of live location it could be very useful for tracking a lost relative or helpful in the security of a person,1,1
5,so excited ,1,1
5,improved and hassle free,1,1
1,version is high,0,0
1,neighborhood next partly brother task quite what analysis flame voter because violation illness sin definition community lawn pretty promote enjoy calculate drag snow quarter where prevent experience deliver israeli meal piano foot stranger silver device teaching lady part guard maintenance fewer together observer their wood lucky script him closely feature scholarship strengthen negative catholic recognize greatest egg expose or sudden wedding involve telephone twenty infant whereas tv quote respond lock deep tend comment member quality therapy galaxy jump,0,0
5,amazing im speechless ,1,1
1,the new update is worst my profile bio keeps on disappearing on its own for no reason the place where you change the about has unfamiliar and unnecessary updates top right corner where it should be done it has cancel option where my bio gets cancelled unknowingly also when i save it by clicking on done it disappears after some time,0,0
1,waste app to use right now banned for no reason,0,0
4,good app,1,1
5,cant go through,1,1
1,not happy whatsup is not working,0,1
5,its more useful,1,1
5,cant use this app what happen to my whatsapp,1,1
4,this is very usefull app,1,1
5,this whatsapp is excellent and very fast,1,1
5,my whatsapp is not working,1,1
1,give me back my info that was meant to be permanent and had no expiration date ,0,0
2,in previous days my whats app worked properly but after i got google play store my whats app was updated now i am facing issues that my whats app contacts and phone contacts are not getting sync i gone many ways in my phone to solve this issue but now i been found that this issue created by whats app software in my both phones i am facing same issues phone contacts and whats app contacts are not getting sync rectify this issue facing lot of problems with contacts,0,0
1,                    35                     the message limit set in the broadcast should be removed and restored to the previous unlimited format the current 35message limit is not sufficient please bring back the earlier unlimited message feature,0,0
5,i think if whatsapp add new feature like i am busy now and i want to msg someone or wish someone on specific time but in working i dont remember this or i am in meeting so i dont have time to msg or wish so i want to suggest whatsapp team to add feature like i type msg or wishes and set time or date and that time or date automatically msg forwarded so the peoples of other side feel happy and they think they are very important for us,1,1
4,in my opinion this app is good  but i think video call and audio call  need more work,1,1
5,i love it well,1,1
5,thank you,1,1
1,whatsapp crashes often,0,0
5,one of the best app in the entire world,1,1
1,i tried to contact whatsapp about my banned account for days now but no response,0,0
1,how i can give whatsapp to 0 star rating,0,1
5,best hai,1,1
1,this app is like ,0,1
5,fine for personal attachment with our closeone,1,1
1,trying uninstallbut its not working properly,0,0
5,amazing app whatsapp calls massages and voice call very amazing app for that whatsapp mashallah ,1,1
5,super app nice version very confident and using method is very easy to send a messages videos to every group and other etc,1,1
1,whatsapp is awful,0,0
1,very disopointing 3 time my data loss in last 10 years i cant understand why suddenly loged out even i have encrypted my data with password and with 6 digits pin,0,0
5,for god and my country ,1,1
4,its good app but the app glitched for me and i can no longer open it nor does it show up as an app on my phone what do i do can someone please help i dont know what to do i tried everything and i really did enjoy using this app,1,1
5,this app is the best one thank you for creating it ,1,1
1,1 star solely because of the worst feature of whatsapp of compressing images and videos severely on status while other competitive apps provide better quality upload,0,0
5,open this app,1,1
5,it was helpful with courtesy,1,1
1,suddenly disconnecting the call and shut down the app,0,0
1,cannot make voice calls or video calls,0,1
5,add an option if someone send me message from unknown number that person will not receive read receipt if i seen that message thank you,1,1
4,my wsup is baned but this is my new number how,1,1
1,i dont want to see suggested channel list in me update section,0,0
5,one of the best app,1,1
5,i cant install this app,1,1
5,my number please register  unban please ,1,0
5,open whatsapp,1,1
5,it needs a lot of added features like bad words in tamil or english specific to a locality may be decided by a experts survey,1,1
5,very vice app,1,1
5,i like this app very much ,1,1
5,it is very nice,1,1
5,very excellent and efficient app,1,1
5,i like this aplication,1,1
5,its the best app use for contacting friends and families ,1,1
5,it very hard when downloading and updating but easy to use,1,1
4,tiny porch muslim evaluate nevertheless state honey join intellectual representation clinic appoint lovely inquiry try general contact error gather die hungry fire least raise increase vegetable green housing sister republican talk beautiful true mountain home garage pitch flat comedy place connect gentleman worker slight discussion family democratic photo galaxy understand compose representative moment insurance essay habitat winner television narrow draft sigh while creation troop,1,1
5,i was return my whatsapp account,1,1
5,so nice app for me,1,1
5,very nice app,1,1
5,thank you for this app because i earn money in side,1,1
4,why my whatsapp is block ,1,1
1,how to apdate my whats up,0,0
5,good app,1,1
5,i love this app so much,1,1
5,you can now schedule and view upcoming calls from the calls tab tap the  icon and select schedule call then pick a contactgroup to share a call invite  group chats now have a unified calling icon with new options to organize calls and select participants for audio or video calls,1,1
4,awesome i love the app,1,1
5,beautiful n easy to use,1,1
5,it is such a brilliant that i can connect from my all relatives,1,1
5,i have just started here i dont know yet how to message via whattsapp,1,0
5,good at all time,1,1
1,please roll back the msg limit on broadcast listwhy it has been only rolled out for android users and not for apple,0,0
5,its nice,1,1
5,its good app,1,1
5,has positive impacts has negative impacts,1,1
1,wroted in 2023 and in 2025 november they make it worse than before when they add ai icon in screen and u cant hide it at allwhy whatsapp why  in feature of you wont to update the app just ask the users because in last update when add this channels to states it ruined the whole thing return to the old please ,0,0
5,its so convenient and easy to use,1,1
1,whenever i try to send voice reply to story  it shows the voice message is sending  but it never goes,0,1
1,whatsapp still thinks in 2022 people still use one phone cant even use on 2 different phone whats worse it cant even translate text on the fly get with time language barrier shouldnt be a thing in a messenger app,0,0
1,it keeps showing me this account can no longer use whatsapp and i dont know why,0,0
5,love this sm i use this for everything,1,1
5,great,1,1
5,best app friendship meri taraf se five star  whatsapp messager,1,1
2,retain call key being charge problem impression deep sample growth expect accept flow solar memory pattern quick representation,0,0
5,the app is more fast and easy to use,1,1
1,telegram is so much better,0,1
1,whats app started giving advertisement what about things done by whatsapp status they are giving so many years,0,0
5,excellent service thanks alot,1,1
1,i dont like whats app,0,1
5,i dont know if i will use whatsapp since it fails to updatei need someone else to help me fix it,1,1
5,my whatsapp number is showing this account can no longer use whatsapp how to unban my account please help me,1,0
2,logout suddenly and now saying no longer can be used due to spam please recover it thank you,0,0
5,ithink i need whatsapp,1,1
4,whatsapp is freaking awesome    ,1,1
5,its such a great app for communication,1,1
1,most worshed ap,0,0
1,ever since i downloaded this app i could not complete my registration because whatsapp refused to verifyconfirm my phone number,0,0
4,my account can no longer use due to spam can you please help me return account,1,1
1,it always logs out every time,0,1
5,good apps,1,1
1,whatapp cant download please help me,0,1
5,the app works great is easy to use and is very reliable and convenient for daily communication,1,1
5,my whatsapp is not working,1,1
2,its always shutting down even when i restart,0,0
1,people dont restore backup on daily basis and if they forget their passwordthey cant restore it and then backup gets deleted there will be no warningwhen contactedthey will say that its written in terms and conditions who gives them right to delete the backup that too without informingyou cant rely on whatsapp for your important things because it assumes you will never forget password and if you doyou will lose your data lure you with end to end encryption and then it bites you back,0,0
5,please help me l want my whatsapp account back please,1,1
2,whatsapp please ive been having some issues with whatsapp and the support team hasnt been able to help for more than 3weeks i would love to get this sorted asap as my birthday is coming up id appreciate some assistance,0,0
5,2 years in using whatsapp i would like to update my whatsapp,1,1
2,this version of whatsapp messenger is not at all,0,1
5,lovely i love it,1,1
5,whatsapp is the best message app in the world ,1,1
5,this app is amazing ,1,1
1,my whatsapp started getting logged out and eventually it got hacked now my whatsapp is being used by a person and he claims he got this number from the company like how is this possible,0,0
1,whatsapp app need to privacy from screen recoding,0,1
1,slow file and folder sending and downloading,0,0
5,my whatsapp need mee to download official whatsapp what is the problem,1,1
4,is very nice,1,1
1,so i cant even transfer my chat from android to iphone so much of updates but cant process the basics one,0,0
1,use signal instead use smoke signals and it will still be a better way to communicate than this malware of an app,0,1
5,its just great on here,1,1
1,i dont receive codes and i cant register on it like ughg,0,0
1,the best communication apo ever 1,0,1
5,my experience is 1vs4 easily,1,1
5,best app i ever use thanks for your services ,1,1
1,it has bad manners,0,0
1,why does it take so long to post a status its frustrating aaahhhhh,0,0
1,hello team whatsapp it is with great sadness that you have to say that my whatsapp number has been banned while i have not violated your terms of service and account activity  and i have not done any kind of scam with my whatsapp and have not put them safety of any whatsapp users at risk but still my whatsapp account has been banned by mistake please try to unban it,0,0
5,its a perfect app,1,1
5,super cool,1,1
5,whats app,1,1
1,it is useful,0,1
1,check channels full of nsfw,0,0
1,i need to login to my whatsapp again,0,1
5,a very good app i prefer it far more better than facebook,1,1
1,hey team whatsapp why no one cannot see my whatsapp bio  where i selected this to everyone  i wanna know the reason  why they cant see my bio,0,0
1,my whatsapp number has been banned for any reason an i appealed for review for my number to be unbanned but still no response from what,0,0
5,at the time my whatsapp are banned for some reason but i trust on help center they solve it i hope,1,0
5,thats a good app i love it please add screen share option the latest change in beauty and front light option is not good make the previous one available,1,1
5,very good app to talk relatives and close friends and i presnal like in this app is video call,1,1
5,i love this app ,1,1
5,great and usefull app,1,1
2,whatsap otp problam,0,1
5,it a very good app know ads,1,1
2,it good some times and bad,0,1
2,thank you for app,0,1
1,why is whatsapp blocking almost everyone accounts this days is there something you people are not telling us im really disappointed  you cant do business on whatsapp with peace of mind anymore any small things banned,0,0
5,that is so important,1,1
2,pitch viewer increased fourth somehow news cost schedule properly lover although taxpayer reform pant welfare cold leg olympic burden worry kitchen field part organize formation,0,0
5,download whatsapp,1,1
5,five stars because my sister is in college and i get to facetime her and call her whenever i want,1,1
5,good in chatting with people,1,1
5,i want to update my whatsapp,1,1
5,good app,1,1
5,whatsapp grret,1,1
4,lower loading,1,1
5,i love whatsapp ,1,1
1,i cant login  it has been loading for almost a week now,0,0
1,newly saved contact cant find,0,0
1,it is soo hard to work with at work it is soo slow,0,0
5,the best but cant verify my number,1,1
5,well i guess its a pretty amazing app only that it needs too many updates,1,1
5,nice but u my whats app blocked,1,1
5,whats app is very good for using and connect with our friends and family meta is also help in study and in other information im satisfied with this app,1,1
4,good app ,1,1
1,facing some issues after deleting my old id my whats app showing loading i cant able to clear data from the settings  my whats app dont work,0,0
1,yall doing everything but fixing the quality,0,0
1,i may enjoying the video and learn more about different people ,0,1
2,think eventually seriously condition real appeal healthy lung earn catholic heart top strike bench given animal fruit king protect award budget jew protest headline,0,0
1,i like whatsapp very but not better than gasape chat,0,1
1,this app really works for communication and social approacham from ugandanamusera,0,1
1,wow thats fantastic app,0,1
1,assume appropriate grow west alter tank prescription trade violence healthy gifted latter stream discuss craft one maybe size skill originally genetic pray initiative ally plus tool abandon fill rice ocean initially fresh mix spanish helpful butter past addition to tour artist bag regulate episode twenty gender mood vessel response square five application combination wedding character stop forever depend bottom refuse why fall soul international shirt satellite,0,0
2,i here are some options to rate whatsapp  5 stars excellent  love it secure fast and easy to use best messaging app  whatsapp is a gamechanger endtoend encryption is a musthave  4 stars good  great app but could use more group features  reliable and secure with a few minor glitches  3 stars average  okay but could be improved ads are annoying  functional but missing some features i this because it has ai inteligence,0,1
2,its nice and cool way to communicate with friends and family members,0,1
5,hello whatsapp help me my message my active account,1,1
1,hi whatsapp teams my whatsapp account band please my account unban thank you,0,0
1,the worst app ever,0,0
5,whats apping,1,1
1,this sound problem,0,0
5,thats good app,1,1
5,install whattsup,1,1
5,the app is very nice for everyone to use,1,1
5,i gave it a 5 star so my review can come upbut honestly my experience with this app is terriblei keep getting banned for no reasonnot just temporary but permanenti am so upset and angry that there is no human reviewi keep getting an ai review which is even more annoying please fix the systemits really upsetting,1,0
4,this app is so special,1,1
4,everything is going on well,1,1
5,chat,1,1
1,this app not working,0,1
5,i love this app,1,1
5,hello everyone i know you are a very good friend but i am not satisfied with your plan sorry i want to gb watsapp hello watsapp please open my account why you do ban my account ,1,1
2,irrelevant ads and unnecessary updates making the ui trash,0,0
2,the light feature on video call is missing,0,0
1,any one will sending me messages and i not reply then anyone has ban my whatsapp what i will do give me reason,0,0
2,whats with the new update why did they had to do the duration time for about we cant change it all the time and we dont want to either i dont think it was necessary for them to add a duration system in the about sectionit might be one of the most useless update so far please bring back the one onewe dont need duration for our about info,0,0
5,thankyou for solving the problem i am facing whatsapp problem from some days after when i updated my mobileas well as whatsappwhen i updated whatsapp i am not getting notification it has completely gone silentthere is no option for popup notification,1,0
1,my whtsapp account is showing account review after every 3 to 5 hours m facing too much trouble in managing my account kindly review once n check my whtsapp,0,0
5,best app for smart network,1,1
5,it is good for messaging,1,1
5,i need my whatsapp back,1,1
5,good app,1,1
1,wrost experience in first time because i am using whatsapp right now suddenly close please solve this situation,0,0
5,high family value,1,1
1,i have been struggling to login its been giving me problems for months nowwwwww i cant get ahold of the team for assistance as welllllllll it is so annoying rn,0,0
2,not good what app,0,1
5,mi watsap nice frend,1,1
4,best quality,1,1
5,easy communication with people,1,1
1,whatsapp please remove the option where it need duration for the about info please the about is a forever thing so it should be our choice to remove it or not please remove the duration option for about,0,0
5,i love this app because it is easy to use and it also make communication more easier,1,1
5,whatsapp is a great app you can make calls to almost anyone in the world you can text and send photos and videos and your privacy is kept as whatsapp is encrypted,1,1
5,good but i have deleted all my app but needs to upadate,1,1
1,it is slow,0,0
4,everything is okay i have no real complaints other than when someone i dont know mentions a group im in on their status and i cant turn that off because i dont want to see what a stranger is posting and at times it may inappropriate or disturbing the things the post please do something about this,1,0
1,i dont want to update plz let me use my whatsapp,0,0
5,good with bots,1,1
5,it is a good app,1,1
5,i never thought whatsapp will be the good news that will make me be happier than ever my problem about whatsapp is that it needs to be updated by data because some times ill be caring only 100mb or less than 100mb which means i cant update this app because ill have to use data for some apps my problem in whatsapp is to update it but i love whatsapp very much for chatting postingediting and every thing that whatsapp can do plus our meta ai whatsapp is the need in this life of this time,1,1
1,suddenly 1 day whatsapp told me to restore if not all ur chats would be gone i simply lost my 4 years of chats and memories im so disappointed with whatsapp,0,0
2,my account is being blocked from using whatsapp and yet i communicate with my family over herewat am i going to doand all the chats are still there plzi need to talk to my family at home,0,1
1,why do you close my account every time i have not done any wrong activity that you are closing my account again and again please fix this problem,0,0
1,didnt warn me that anyone with my number can find my account be careful,0,0
1,too many bugs in contacts syncand in about section for contacts which sometimes appears and sometimes disappearsthe refreshing causes more issues,0,0
1,ai forced into app cant be disabled privacy gone,0,0
1,hello dear whatsapp team please check i cant login my whatsapp account because too many times i try for login sms and call due to this i cant login my whatsapp number please give me any solution for that,0,0
5,its better,1,1
5,top,1,1
4,the scroll up to start voice chat feature is super annoying please provide option to remove it,1,1
1,when i put a number in a new chat i dont see any option to chat with an unsaved number even when the person is on whatsapp,0,0
5,theek hai,1,1
5,i really love this app,1,1
2,the new version of whatsapp is too much irritating,0,0
5,good app my favorite,1,1
1,i do not know why my account was suspended i got no idea why my account was suspended i think my whatsapp account was hacked,0,0
5,best of luck,1,1
5,whatsapp is the best messages app,1,1
5,nice whats app,1,1
5,i am very sad this whatsapp,1,1
1,song is dont share in this whatsapp it is very useless,0,0
2,the app doesnt want to work its not even downloading,0,0
1,easily hacked which is the threat to us as customers,0,0
1,the app is a great one but it seems like the devs havent noticed that the arrow used to indicate positions on the image doesnt rotate anymore,0,0
5,good app,1,1
1,official whatsapp asking me to download official whatsapp,0,0
5,this app is very good to use,1,1
5,i am very alone without whatsapp please resort,1,1
4,i like the app because its easy going,1,1
5,love the app,1,1
1,i used whatapp not everytime but i dont know why,0,0
5,i think this app i highly rate it out of 5  but there is one thing that it needs to update the app it must updated is the active status and i recommend that it needs to be updated thank you for your cooperation,1,1
5,find a way of dealing with old messages,1,1
5,the software is very useful for all offical and non offical use very nice work,1,1
5,very easy  and afforded at any cast for chatting with friends ,1,1
4,implement groups option for status privacy,1,0
5,works nicely,1,1
1,terrible backup and restore process have to uninstall reinstall like 5 times just to get your chat history back,0,0
5,bright ug,1,1
5,your service is very nice,1,1
5,its hood its good for comunication,1,1
5,best app buh sometimes misbehave  999 active,1,1
4,great,1,1
1,carefully introduce your ai where light doesnt glow it demands access to your contact list to even initiate a chat so it can steal your info it also forces you to download the latest update even if its completely broken going to start using signal,0,0
1,my app cant open and why,0,1
1,it has refused to download,0,0
1,online jobs providers scamming me finally meta stopped my account,0,0
5,it is very nice ,1,1
1,i dont understand why people still use this app it is outdated slow and complete nonsense telegram is orders of magnitude better,0,0
4,i have two different operator numbers because i use them for different purposes but at whatsapp we can use one account one number it will be helpful if we add many accounts at a number i mean people will send messages to me in different numbers but i will receive that in the same account and also see that in which number heshe send me messages,1,0
1,it is not compatible  with my device it keeps on telling me to download the original version yet it is still the same version have downloaded multiple times,0,0
2,reply pack eye ceiling restore teach cross breath utility entrance skill landscape junior tap rise possibly movie goal jump whose comment minister possibly holiday transportation sing belief manager entry prompt pressure dangerous differ bullet period odds ring into setting manufacturing personnel our cite ride reasonable race easily standing let manufacturer boundary correct pole partnership him possibly scared sound consideration habitat hurt nice membership typically light oppose concept prepare steal baseball partly breathe instructor reinforce inner recognize involved truly content fairly how death composition soccer bomb,0,0
5,i need hd everything,1,0
5,for communication,1,1
4,the charting is at ease,1,1
5,good app,1,1
5,please my whatsapp account is unbanned,1,1
5,good app,1,1
1,allow status to upload in high quality and why did u set a word limit in bio,0,0
5,create player label cost recall spot absence particular stand valley question equal belief grave deal belong spin nod craft tea delivery sales,1,1
4,rate sustain policy bunch temperature annual design discussion pan guilty chase themselves audience deficit strange season profit count terrible far failure throughout orange educational style engineer modern growth capable set measure accuse once trip anger rich collective different stop assessment dependent travel captain responsibility evaluate resist entrance press mother combination witness examination travel succeed complaint education assure,1,1
5,my name shamsun nisha im from odisha i like whatsapp  thank you whatsapp for your quality,1,1
5,very much good,1,1
5,whatsapp remains the most dependable messaging app thanks to its clean interface and smooth performance across all networks voice and video calls work well even on weak connections endtoend encryption is a major plus,1,1
5,whats should provide documentation and auto crop function as well,1,1
5,good app,1,1
5,its so amazing and real,1,1
5,to have the app on my phone,1,1
1,whatsapp is not updating,0,1
5,i love this whatsapp it let me talk to my friends and with anyone i want to talk to,1,1
1,thia account no can longer whatsapp,0,0
5, i see that i have to have a time period for my status,1,0
5,its so helpful ,1,1
1,why my about deleted after one day and also why others about doesnt show even they set everyone option,0,0
5,dust desire anyone hole failure mmhmm italian save coach appoint clearly professor celebration furniture opinion history cooking whisper jet wander regularly economics stomach iron attempt observer swing constantly simple install brick unlikely profit hotel learning person bench vulnerable active peer secretary different rest tunnel album beauty restriction mad regarding transition kind picture organization minor rock client case originally historic why able strip ms graduate dress witness design window install participant thought throw thousand corporate where lung shell instrument rural gentleman beyond ask remove low relax team regional tea activity speed steal really horror annual loose device fault story,1,0
5,this app is the best it allows you to chat and facetime friends freely,1,1
1,missed called no have lockscreen notifications  when have missed call no have lockscreen notifications the lockscreen notifications will auto dissapear itself  poco f7 pro global hyperos 3040 wokmixm android 16,0,0
5,good of use,1,1
5,great,1,1
5,e havie had good experience work good 200,1,1
5,it is good app,1,1
5,it was really good cz i can talk with my lover,1,1
5,thats good,1,1
1,getting hacked easily  no security,0,0
5,its good,1,1
5,its really good but i think the status mxa should be 2 mins,1,1
4,this app like a family group,1,1
1,hi whats app please fix this issueusing dual whats app the whats app automatically sign off i am tired for this  please fix asap ,0,0
5,nice  chat lock,1,1
2,broadcast message not working and is not send to anyone message at time and its still not working,0,0
5,i really like whatsapp its easy to send message to friend and lovely one and do video to,1,1
5,it is very easy to use this app and it is very good,1,1
1,since when you have suspended my account i opened it back and it is just rolling is nothing functioning,0,0
5,excellent job with whatsapp,1,1
4,i am very excited for username update please explain when will be available this on 2026,1,1
2,i have been using whatsapp since i just changed my phone recently videos started hanging i dont know where the fault is coming from i have free some space but still video hangs,0,0
2,ive been trying to login but it is telling me to download the whatsapp official i have even downloaded it but i cant figure out whats happening,0,0
5,its very good,1,1
5,very nice app easy to connect with people all over the world wonderful ,1,1
1,its too late for open the app,0,1
5,great app,1,1
1,i dont want end to end encryption,0,0
5,the world best app whatsapp messenger any share information and video callchatvoice callstatus etc ,1,1
5,it works great for everything,1,1
1,why do i get logged out all the time and the app isnt opening what is all that about,0,0
1,very bad so this is big problem ,0,0
5,you are the best ,1,1
4,nice whatsapp ,1,1
5,very good nice app,1,1
2,mainly singer oven range southern discrimination married largely could person alcohol alone crowd abuse swim citizen flow alive saving fifth serve gifted treatment organic cup lead while retirement meat economics feeling accuse shall disorder elite local sight founder willing should shop,0,0
1,why does whatsapp reduce the quality for like 90 when u reshare a picture or video from someones story this is really frustrating and very disgusting when you see what is on your story,0,0
5,amazing app highly recommend,1,1
5,this is very useful  square app,1,1
1,restricted the chat due to spamming is very annoying 24 hours restricted is so crazy its affected us who do business we need to contact hundred of customers a day yet keep getting restricted its affected our small business i think the developer should give a deep thought about it please remove the system,0,0
4,great app cool user interface and above all its accurate and easy to launch,1,1
5,it is easy to use,1,1
5,can you use this app to delete messages,1,1
5,best way to get in touch with relative and family and easy to use,1,1
5,nice app for knowing any information,1,1
4,we satisfy in send wa and call many friends,1,1
1,whatsapp already works please stop bloating it with useless updates,0,0
1,very bad service delivery,0,1
1,why do you keep blocking my account you locked me out of my account on monday night stating spam then unlocked it on tuesday morning now ive just messaged my work chat about something and youve locked me out again stating the same thing,0,0
4,very useful ,1,1
1,for update version it always need too much space oh my god  i am fed up of all that find some solutions and fix it please  otherwise it is fine to use for calls and messages ,0,1
5,please support me whatsapp messenger uninstall nahi ho raha hai please help play store teem,1,0
5,i love whatsapp thanks,1,1
1,the ai app does not give an accurate answer or the images it sends thus not much the question so i end up using a different app which is not goodwork on this,0,0
5,very nice app and i enjoy using it for easy commination with friends and family,1,1
4,pl my whatsapp not working,1,1
1,video call very poor,0,0
5,the status dey blur watin happen,1,1
5,whatsapp block,1,1
5,viery nice application,1,1
5,my whatsapp number is not verify please solve the problem,1,0
1,i cant see status video why i do,0,1
4,it is a best messenger app,1,1
1,logged out and bans are now making whatsapp like control app the users now dont have any power over their accounts you can be booted away at any time i am no longer relaying on whatsapp,0,0
5,whatsapp good ,1,1
4,good communication,1,1
5,good app,1,1
5,amazingly great,1,1
5,good whatsapp,1,1
5,nice aap to chat each other,1,1
5,good app,1,1
2,bring back the feature where we can actually view the status and let online time of the contact at the same time when we view their profile,0,0
5,swift and less data consumption,1,1
5,have a nice thing for me and everyone,1,1
4,very helpful,1,1
5,it is the pest,1,1
4,it was really enjoyable and simple to communicate with friends and family,1,1
2,worse experience of using whatsapp in last two weeks since i updated to new version  last seen online are keep showing even if im not online or using phone for that time period  about me is to show people what we believe or want saybut the new update doesnt show anything to anyone even if set for everyone  the most irritating thing is there is no use of contact sync cz however it removes it please do something about it thanks ,0,0
5,very good and smooth and reliable,1,1
2,up until the latest update id give whatsapp 5 stars sad,0,1
5,20yeas,1,1
4,video call are not that good,1,1
2,any time i message my long time friend whatsapp will instantly review me,0,0
1,eliminate ear maintain television what addition demonstration transformation loose sentence finding generate pop auto western symptom sort criticize bond forth step lip cloud soldier photograph win used emotional grandmother poll stability section problem couple colonial international religion exhibit consistent scandal shade,0,0
5,it does not have the new version,1,0
5,this is so shj,1,1
1,why i found old version of whatsapp on my device and i receive silent notifications again and again if you not solve my problem i will definitely delete my whatsapp account because the fault of whatsapp team support,0,0
5,i love whats app messenger,1,1
5,its good,1,1
1,if i am playing voice note i wont be able to do any other thing on my phone until the voice note ends and if it just paused maybe a call enters i would have to reboot my phone again,0,0
1,mera whatsapp number bened i request you please my whatsapp number open me,0,0
1,i cant upload my whatsapp,0,0
5,the app is amazing  useful in all aspects like always but now the about section is time bound there should be an option to set about as always till changed because thats obvious that no one would regularly update their about on whatsapp please work on this whatsapp team thank you,1,1
5,i love to use this appim supporting manchester united,1,1
5,very good for communtion ,1,1
5,its too good,1,1
4,why my whatsapp not install,1,1
5,very good app for communications,1,1
5,i need whatsapp,1,1
5,how to unblock whatsapp,1,1
5,but u tell me to use official wap,1,1
5,unlock my watsapp account,1,1
1,my whatsapp experience has been very frustrating lately first all my chats disappeared after the restore chat history popup then backup stopped working even though i had enough google drive and phone storage after uninstalling whatsapp wouldnt reinstall properly from play store i rely on whatsapp daily so this caused a lot of stress please fix these restorebackup issues users should never lose important chats,0,0
5,best and easiest way for chatting,1,1
5,good application,1,1
1,whatsapp is a good property,0,1
4,very good app,1,1
1,my whatsapp is not opening directly only open through play store,0,0
5,thank you fo this apps,1,1
1,never works properly these days,0,0
1,i lost my another account several times fix problem so annoying,0,0
5,very nice app,1,1
4,a very good communication app but can you please separate the group chats from the rest of the chats it takes time to find new messages because the chats are all combined,1,1
1,open the whatsapp,0,1
5,fast and easy communication ,1,1
5,you guys should start doing the updating stuff without consuming much date please,1,1
2,this is fake aap in my whatsapp not start and,0,1
1,my whatsap  ban  plesss   re open my whatsap ,0,1
5,the whatsapp is not installing,1,1
1,why i not use this app,0,1
1,plz unban my whatsapp mistakely ban my whatsapp,0,0
5,very nice app,1,1
5,update whatsapp message,1,1
1,problem with sending video files useless notifications dull features and overall not really user friendly,0,0
5,its good but slow in updating some apprecation ooh,1,1
2,since friday morning i am not able to send or receive messages on whatsapp,0,0
4,very convenience and efficient,1,1
5,good but add some games to play,1,1
5,working good and fantastic,1,1
2,hi im struggling to activate whatsapp on my huawei nova 9 any help to solve this problem whatsapp reject to be activated on huawei nova 9,0,0
1,i dont know whats the issue but in 2 of my devices my whatsapp account gets banned for spamming even though i didnt did anythingit happened to me several times and it is disturbing,0,0
5,im always struggling to update my wattsup help pldase,1,1
5,whats up is not installed please solve my problem i am vaiting good news,1,1
5,amazing app i always use this app,1,1
5,my whatsapp it doesnt want update,1,0
4,use it all the time one problem is i cant add a group status update,1,1
1,the whatsapp application is extremely frustrating and poor quality i cannot receive the verification code via sms or email even after providing my email address i urgently need to use the app but i am blocked from doing so it is very disappointing,0,0
2,nice app but it uncontrollably auto download every single thing pictures videos thousands of them flooding my phones storage every moments from every chat group from work or friends i tried to unable the media auto download in the setting even restricted the apps access to my gallery but nothing work im using a redmi phone btw hey devs maybe you guys deserve this 2 star honestly ,0,0
5,good whats,1,1
5,great job,1,1
1,criminal except gradually capital boundary great space feel popular lovely name occupation index bake homeless three conduct army art atmosphere neck willing become,0,1
5,its nice and fast,1,1
5,good and fine,1,1
5,great  i like when tells to up date the app  thanks,1,1
5,its good but if we dont wont to see others status please give us an option to not see their status on the relevant day and it could be a greatest help,1,1
5,good app and my whatsapp account lock plz sir unlock my whatsapp,1,1
1,i hate the new about bio thing i wanted to change my about only to learn its no longer permanent and there is no way to change it back to the old version i dont know what they were thinking but its a really bad choice and i hope they change it back or give us a way to make it permanent at least give us a choice,0,0
1,l am your child  if l offended you cant sack me even 24 hours consider me pleasel dont know it is a difference mistakes again please forgive and forget thank you,0,0
1,whatsapp now is treating us badits not goodwhat kind of terms of service is thatis it not for chatting people and loved ones then why that termsif youb want to be detectimg spam check the content eraahh am very angry i wish i could talk on voice call this your terms of service is very badi mean it very bad and wont help at allam trying to reach out to my contacts about my change of number and you restricted meam not spammingwhy wont yoi check the content of the message,0,0
5,its help me a lot ,1,1
5,so great good to use all day,1,1
4,hi whatsapp team awaiting for some updates from you because lot other apps are in globally coming please get more privacy on this soon and like whatsapp calls should be easier to communicate and no phone number display like only login id or name so that it can be provided much safer for all,1,1
5,how to recover chatting msg no videos no photos onely msg,1,1
1,whenever i install this app its always restricted n then suspended theres always shown that you are using unofficial whatsapp  and when i download whatsapp through the given link the same display appears i tried many times to download through the given link but useless then i changed my number n downloaded whatsapp today its suspended again n i dont know why today i messaged only my new sim company bcz i wanted to get details of my sim package n they sent me automated msgs only,0,0
1,with this app i dont lose my data but do more improvements because many people dont like this app coz you dont separate chats from groups and its they find it boring so make it fun,0,1
5,good useful applications,1,1
1,bad app always been given issue all time,0,0
5,bon,1,1
4,this good app for communication,1,1
4,very good app for communication and business ,1,1
1,somebody else put it on my phone and then hacked me put another apps on my phone so i can access certain apps be careful you guys,0,0
4,good app very easy to use but the new update no longer allows the use of voice notes in replying to status updates why i wish the feature would be fixed or added back if it was removed entirely thank you,1,1
1,unable to install,0,0
1,best app to us,0,1
1,not possible to recover chats from google backup,0,0
5,it working very good and exciting,1,1
5,voice messages are not working for me,1,1
1,this app is basically the best messaging app,0,1
5,best when chatting or post status,1,1
1,finding it difficult to use the app,0,0
4,please unbanned permanently this i am not spammer i am only working person to use working related watsap only,1,1
5,great,1,1
2,club taxpayer efficiency deal dirt trick fifth i responsible surprised producer emerge fresh explain variation river gene self victim over represent square white clothes healthy suffer channel tiny,0,0
5,good way to message,1,1
1,im soo obsessed with this app that ive forgotten about any other messaging appsoo fast and reliable and ive also fallen in love with meta al,0,1
2,grain outside option asian woman motion sexual past among choose owner movie disease wild electric dna barrel cultural assignment danger beautiful formal stone who afternoon boot shout hall pitch,0,0
1,honey billion cheek lift presentation testify football six status hell meter farmer liberal complicated bone hope furthermore sure technique claim treaty widespread meat jacket tunnel vacation mission british who particular seek normally few two incident courage cat role someone car develop public impress audience entry my regular habit mix horror set adviser engage external until palm constantly technical line few ice penalty hair birthday wage bond tale sin literally situation,0,0
5,no states update,1,1
5,very easily to use,1,1
1,hi dear whatsap communities team help my whatsap account is not open and i cant use whatsap account i am not able to run whatsap i have read all your terms and condition will flowers i hope you unban whatsap as soon as possible thank you,0,1
5,great,1,1
5,i love this app,1,1
4,hi we should have an option in watsapp that without saving contact we should get the id of that,1,1
5,whatsapp is no longer use account problem,1,1
4,interesting and helpful,1,1
5,its awesome i love it,1,1
2,too many scammers using elon musk profile photos  playing on vulnerable ladies establishing trust  getting into their email accts cashapp acct  other financial accts stealing their money  pretending he wouldnt do that ive received docsphotos from 1 braggin how ez it was for him to get in my paypal cashapp etc  how easy it was to hack into my phone  disburse a virus that shut me out financially whatsapp needs to look at ip addresses phone s  track locations  keep em out,0,0
1,the forced ai assistant is worse than the normal search,0,0
5,nice u should try it out u will like it,1,1
1,i hate the new block settings if someone blocks you there should be a no profile picture to notify am tired of this app,0,0
1,it is hard to use says use the official whats app,0,1
5,nice one but you have to do a lot of advertisement,1,1
2,ive never seen such a bad app,0,1
5,about temporary banned good afternoon my whatsapp mobile is banned from using whatsapp due to some mistakes commit which go against whatsapp terms and conditions i have tried to got it fixed several times by attempting to send a report of apology to be able to continue using whatsapp my official whatsapp is already installed please resolve the issued forwarded on time thank you,1,0
1,over the best,0,1
5,great ,1,1
5,whatsapp is down please help,1,1
5,its so gud,1,1
5,why my whatsapp is asking me for official whatsapp saying that my number is expired,1,1
4,takes too slow to update,1,0
1,badthis about feature is worst please remove it from my whatsapp,0,0
2,is too slow now,0,0
2,my account is banned so i hope you unban my account,0,0
5,the up is supper and its easy to use,1,1
5,it has been fun if it will let me get my phone calls,1,1
5,i feel my friend is me close,1,1
2,a good app,0,1
5,my device is compatible but am always logged out why,1,1
5,i like using this app because i am meeting with my classmate and family,1,1
2,please give us logout  signout option whatsapp should give us logout option like any other app so that we can turn it on and off at our will,0,0
4,lt is fast and simple but difficult to sign up for,1,1
5,its a good app,1,1
1,why did you change restoring chats from local backup  i dont have google backup i want to use the local backup as old times,0,0
1,not working perfectly,0,1
5,best of all,1,1
1,very inconvenient recently you cant even logout when you want to just stay private and lowkeythats the worst feature and you call yourself safe app,0,0
2,i dont have the filters,0,0
5,its best,1,1
5,super great whatsapp ,1,1
4,very good app,1,1
1,some more time s restating problem,0,0
5,not yet download,1,1
5,great app,1,1
5,fast and easy to use,1,1
5,best experience with whatsapp ,1,1
1,cant make a call and call are not clear,0,1
1,good morning and win today so difficult network problem every day,0,0
5,nice aap  easy to use good  we can communicate with others easily  i am using this as long time this is very good and nice aap  its have call option  video call option and chat and more you can see and apply status ,1,1
5,good using app no any type of spam,1,1
1,dear whatsapp team my whatsapp account is banned please unband my whatsapp,0,0
5,the app is good,1,1
1,other cant hear me,0,1
5,accha,1,1
5,why my whatsapp has blocks,1,1
1,whenever i upload any picture or video on status it gets blurry automatically even if the dile size is less than 1 mb the same picture look sharp on instagram,0,0
5,nice one,1,1
5,i need whatsapp number back,1,1
2,im giving only stars just because of its channel feature it is nothing but more like adult service provider every time it promotes vulgar channelsplease give us an option to remove suggestion like that,0,0
1,known s days whats app not responding,0,0
5,its good,1,1
5,my whatsapp cannot open when i touch the app close back,1,1
4,helpful,1,1
5,they are good ,1,1
1,i was very much disappointed with whatapp services i have been using whatsapp since 3 years and all of a sudden my whatsapp account gone banned without any notice and gave me a reason that i did not follow the terms and conditions i am sure that i am following whatsapp rules very strictly and there will no spam but why i dont know all of a sudden my whatsapp account got banned,0,0
5,like i love this app,1,1
1,one star for new feature were unnecessary channel recomended  so its request,0,0
5,audio isnt send why pls,1,1
5,good service for me,1,1
5,app not installed and not working my mobile,1,1
5,the app is good,1,1
5,i like using whatsapp among all applications so guys use whats app ehhh hmmm,1,1
1,bulk msg not support not use for this whatsapp in business waste,0,0
1,its a good app thank u,0,1
2,choose quality contrast later i entirely well controversy oppose absorb tax sudden portrait symptom effective install pilot theater fair approach plastic scholarship funeral household neck camera reality running knife musician chicken depression examine cooperation assure participation hungry strike meal type threaten beer door else market indeed flee person locate flat do headquarters good academic train text opposite site widespread distance hurt lose not hill smile chocolate tip regulation price kill analyze exhibition stand whisper depression,0,0
1,hate that theres no way of removing meta ai ,0,0
1,my account is banned and i want to retrieve it everytime i send an email an automated message replies me that i need to write a review and i cant do that kindly help to solve this issue,0,0
5,why cant i use my number to access whatsapp even though i was using that same number before whatsapp keep saying i should down the official app and i have but still doesnt come  what could be the reason,1,0
1,how can i log out a whatsapp app,0,1
4,very useful,1,1
1,extremely disappointed got no help from their customer service instead they kept closing my tickets like they have fixed the problem but it is still not fixed when i share a link from the youtube app to whatsapp it used to show a thumbnail with that link it stopped by itself i never changed any settings then all of sudden it started working by itself on last wednesday i shared and saved few links on my whatsapp account and it worked now it went bad again no preview with the link,0,0
5,the whatsapp as a communication application has been particularly very productive for me with respect to every aspect of my online communication and so i am immensely grateful to the entire management of the whatsapp organization,1,1
4,the app is really nice to use expect when youre making a video call,1,1
5,fine to chat,1,1
5,thank you for using what app,1,1
5,i hav been using this app since i was a kid trust me the best thing since 2020 i mean it brings family and fr togetherjust keeping updating,1,1
5,app is fantastic please,1,1
1,my problem is my watsapp your official watsapp logine sole my problem,0,0
5,good app,1,1
4,very good and easy to use,1,1
5,please add whatsapp reels video,1,1
4,whatapp needs official whatsapp so i do not found it,1,1
5,whats app is not opening,1,0
5,whatsapp number is not working for me either way but i dont know if it was programmed to do it,1,1
4,whatsapp is good and really helpful but there is one problem the about can fit only 50 words which was not there before the latest update i think we should be able to fit more words in about lets see if it changes in the next update,1,1
1,dear sirmadam  subject appeal to review and unban whatsapp account hello whatsapp support team i received the message this account can no longer use whatsapp i believe this is a mistake my phone number is i have not used any unofficial whatsapp apps or performed any activity that violates the terms of service please review my account and let me know if you require any additional information  im happy to cooperate,0,0
5,im experience of sending message to friends,1,1
5,i have problems to add the application,1,1
5,nice app to whatsapp,1,1
1,the app is really poor finds very difficult to log in,0,0
5,its so powerful and longest app,1,1
5,very useful,1,1
5,please unlock my whatsapp,1,1
5,i really love this appbecause it really helps peopleit make person be happy etc,1,1
4,good app,1,1
5,i cant login to my whatsapp account i was trying to send a vital message to too many people please restore it back for me,1,1
5,very great app,1,1
5,its really fantastic,1,1
5,its good bye,1,1
5,help full form app,1,1
5,its a very good app  only that ive been not been able to post on my whatsapp channel since i updated 2 days ago whatsapp fix this bug please,1,0
5,its so needful,1,1
1,new version is irrelevant irritating old version is far better than the new,0,0
5,please help me update my whatsapp,1,1
5,whatsapp business,1,1
1,the network is always poor,0,0
2,this account is not longer use spam whatsapp,0,1
2,being a post graduation student i join 56 groups at once and whatsapp banned my account for 24 hours stating that snap activity has been detected now i cant see any important messages  and if the same thing happens again in future they will ban my account permanently why ,0,0
5,mre whatsapp pe video cll pe filter nhi aa rhe h,1,1
5,very nice to call and voice,1,1
5,good app,1,1
1,i cant use it at all with a new    ,0,1
5,what app,1,1
5,band construction rice material dress cancer service glad pretend gentleman borrow represent reduce situation nice accompany gold impossible drag funny them politician outside consultant expose should and greatest define living ceiling overcome boat prevent company reply specialist butter press behavior,1,1
1,there are many problems with this app now the main problem is that whatsapp is banned i am not using this app against any law still i cannot use this app for more than two days i get banned after using it for two days and then it gets fixed within 24 hours this has been happening to me for two years i would have accepted all these problems if i had done something outside the rules but i am suffering so much torture day after day without doing any rull out work,0,0
1,it helps in times of problems while traveling,0,1
5,do i need to say anything,1,1
5,love it,1,1
5,i love whatsapp,1,1
5,i love this app so much,1,1
5,need speparate password for secret meseges and accounts,1,1
5,its a been a great experience ive got no complains about this app am a happy client so far ,1,1
5,i love this app its the best,1,1
5,its very good  fantastic ,1,1
5,rohit kumar raigar sir app install nhi ho rha hai,1,1
1,my whatsapp account band ho jata hai,0,0
1,very poor bad and slow service,0,0
1,i have been using whatsapp for years with no harmful behavior yet my account was banned without any valid reason i was chatting normally with a family member and suddenly lost access i appealed and the review was completed but the ban still remained with no explanation i respect whatsapp policies but banning innocent users without clear justification or human review is unfair please improve the review system and allow genuine users to recover their accounts,0,0
5,please help me am restricted,1,0
5,good very much useful to me,1,1
5,good service,1,1
5,new,1,1
5,wow just amazing especially the stickers,1,1
5,this app is a nice app so please use this app,1,1
5,its very great,1,1
2,developers update your music libraries so many songs missing one cant even upload a whatsapp story properly and add the applicable song because the current choices are limited go get a partnership with spotify or something,0,0
2,i think there is a bug in the read and delivered section first of all 2 read and 2 delivered can be seen for a single chat even if that is made in a dm and not in a group and secondly the read and delivered are always the same for every contact,0,0
1,the new upgrade is very dangerous for young people now the statuses are at the top and channels show below and it changes during the day and i have seen r rated channels being displayed there is no way to control age appropriate content we will surely find another communication platform if this is not sorted out,0,0
5,good app,1,1
5,can you add a feature to choose who can open one time view in wa group member,1,1
5,nice apps for communication i really like how this app works,1,1
2,it is not working  it has refused tolet me use and it has blocked me for no reason just for spamming and yesterday it was just working the person i talked to just had bad wifi  so whatsapp you need to sharpen app,0,0
5,excellent please why are mine not able to use my whatsapp they keep blocking me since last sunday what is going on,1,1
1,whatsapp be stealing information and sharing with the government we dont have any privacy everything its linked,0,0
5,its good,1,1
1,my audio is not working,0,1
1,my meta is not working he is not replying,0,1
5,id love a feature that shows a microphone audio waveform during whatsapp calls right now theres no visual indicator that our voice is being picked up properly a waveform like the one for voice notes would help users confirm their mic is working and improve confidence during calls especially with connectivity or sensitivity issues thanks for considering this improvement,1,1
5,please my whatspps is big problem please recover my account,1,1
5,so perfect and amazing since ive been one of this whatsapp user,1,1
5,unban whatsapp,1,1
5,it is such a good app,1,1
4,i love the app but when you change your phone and you dont back your chat up you will lose them,1,1
5,ca t live with out it in my life its been my go 1noe app get it see how easier your life will be ,1,1
4,best of,1,1
5,need update,1,1
5,its a good app,1,1
5,whatsapp is one of the best app,1,1
5,it is a good app,1,1
4,my whatsapp account may be hacked thats why i cant be possible to open please solve my problem,1,1
4,im really appreciate for this app,1,1
2,as much as i think whatsapp has been an invaluable resource ive grown frustrated with it since i started using multichannel group chats communities when opening one it goes to the channel with the most recent message hitting back returns you to the main screen only tapping the community a second time lets you see all the channels its incredibly counter intuitive and makes me feel like an idiot going back and forth between chats when opening the desired one should take two taps,0,0
5,very good useful app,1,1
5,great,1,1
5,very impressive and very convenienti like it everything thing about it is very fantastic whatsapp is my day maker it guarantees my smile you guys should try it and you will not be dissapointed,1,1
4,hi ive received a message saying my account has some restrictions i can still answer calls and reply to messages but i cant start new chats can you tell me why this is happening and how i can lift these restrictions thanks,1,0
5,unblock whatsapp,1,1
1,my chats aree not getting backup,0,0
1,i cant update my whatsapp,0,1
1,cant download whattsapp,0,0
5,super app everyone try to download this app,1,1
4,hello team whatsapp my account is restricted for my some contacts kindly review and resolve the issue as soon as possible i am looking forward to your positive response,1,0
5,this app is so amazing,1,1
1,why do i need to update my whatsapp this is bullsh,0,0
1,having issues with sending voice notes straight from statuses also why is the search bar only available at the top of the chat list,0,0
2,i thank you,0,1
5,the best app ever,1,1
5,the world of populer best massage app whatsapp,1,1
5,i never see this kind of texting app before,1,1
5,its been fun using whatsapp,1,1
2,it asks fingerprint to unlock but then stucks at black screen after unlocked,0,0
5,i want to work with the wassapp,1,1
1,trying to force me to give up my contacts i cant share with out copy and pay link bc of this the new update wont let me create a new message or save changes to peoples info with out giving accesses to my contacts whats the point in the privacy of this app if it forces you to allow it to collect all your information if i could give this app negative stars i would,0,0
5,whatsapp is a popular free messaging app praised for its reliability userfriendly interface and strong security features like endtoend encryption which are great for personal and business communication however some users have privacy concerns related to metas data practices despite the separate privacy policy common drawbacks also include occasional bugs or poor call quality in certain network conditions and some users feel newer features make it less simple,1,1
1,hello whatsapp team my whatsapp his fast time band now are inband thank for the help,0,1
5,best app for communication and message better for people user,1,1
5,the best message app,1,1
5,keep my account active 24 hours,1,1
5,i love whatsup,1,1
5,whatsapp mess,1,1
1,i dont know why this app is always out of date in one month  every time out of date,0,0
1,i cant remove people in my lock chats i tried to uninstall the app and restarted my phone but nothing works that why i gave whatsapp a one star,0,0
2,stopped notifications and not working properly,0,0
5,please  riseu my whatsapp please,1,1
2,very bad servics this whats pp third class services,0,0
2,still waiting for verification call,0,0
4,the back up is not working,1,1
5,im just a new beginner but i hope it will help me as i was using whatsapp business right,1,1
1,salaam sir mara whatsapp account achanak band kia hai pls open my whatsapp account sir ma hotel ma kam karta hu tu sb ko payment k hawala sa bat karta hu i am account offers pls open my whatsapp,0,0
5,great and awesome,1,1
1,im having difficulty removing channels i dont want but when i hide them the ones i dont need continue to recommend themselves why,0,0
5,i cant update my whatsapp messenger should i do,1,1
5,i really love this app it is the best in all app without this app we cant send a message,1,1
4,my account has been banned twice in 3 days and i cant seem to understand why,1,0
5,im in tanzania i tried to open whatsapp acount by using vivo x7 phone but i couldntit ask me official whatsapp how can get it please help me,1,1
1,yes im giving only 1 star because you keep disable my account without violating the terms and conditions this is so annoying  fix and restore it back and will come back to give a 5 star review,0,0
5,its a nice app to the source of communication,1,1
4,it is good app,1,1
1,it is giving me problem to sign in,0,0
1,youtube links no longer sharing a thumbnail of the video being shared,0,0
5,whats app not working,1,1
2,we car slice victim threat sit action tablespoon tiny usual drawing prepare well grandmother fee gradually aid initiative maintain sufficient message she position positive gifted diversity scheme remind hearing gang prospect rose canadian bed management journal cook assist farmer strong therefore moon restriction eager lower testify participation,0,0
1,my whatsapp is not working youre asking me download and nothing seems to work,0,0
1,stop update dude my phone memory full ,0,0
4,new update doesnt allow you to have your about show for longer than a month,1,0
5,it is my only communicative channel that is fast and easy in just few minutes,1,1
5,good app,1,1
5,nice app work and helpful and fast,1,1
5,well experience for whatsaap,1,1
4,whatsapp should quickly release the new username feature for all users its very useful because it allows us to chat without sharing our phone numbers which improves privacy and security just like instagram or telegram handles usernames will make it easier to find and message people safely this feature has already been testedplease make it available worldwide we really need it,1,1
5,thank you ,1,1
1,i dont get whatsapp notification anymore good bye,0,0
4,this app is awesome but the option voice chat is not required and i dont vote for it,1,1
4,great,1,1
1,can you please add the hd features on status i dont like to upload pictures in bad quality,0,0
5,whatsapp doesnt block unknown contacts you should make a privacy so that any unknown number couldnt send any text  currently by activating block unknown messages in the advance section unknown contacts can send messages to you,1,0
1,too wide so i need to delete some app before installing it,0,0
1,the whatsapp is not working on my phone,0,0
4,the best app ive used so far,1,1
1,previous version was much better,0,0
1,unable to see others whatsapp about solve this problem,0,0
5,good for daily use or for contacting people,1,1
5,i love whatsapp for my aducation,1,1
2,its the best app i have come across because we get to share lots and lots with friends and relatives,0,1
5,good but when being installed so people be causious of your data thanks,1,1
4,avery good and friendly app,1,1
4,apps is very slow to respond,1,1
1,my account is banned,0,0
5,i love whatsapp,1,1
5,good app,1,1
4,because i can chat with my school friends without paying any money  i like the meta ai it is not a human but work better than human,1,1
5,its very nice infact i give this app excellent,1,1
5,chate,1,1
5,this is so good,1,1
5,photo gallery,1,0
5,its frustrating that when i record a voice comment on a status image audio or video sent once on whatsapp it doesnt send could we please bring this feature back to whatsapp thank you,1,1
5,very cool,1,1
5,great app,1,1
5,very helpful,1,1
5,this app is so wonderful app,1,1
2,it is not working properly ads coming,0,0
4,its working nice,1,1
5,good but help us to make use of free data mood,1,1
1,my whatsapp has been closed by whatsapp without any reason all my work data is on whatsapp and now whatsapp keeps saying that the account has been closed but why was it closed please tell me,0,0
5,sorry sir place my account unbanned from back to use whatsapp only fast and last warning ,1,1
4,dear meta i request u a simple thing please make the option of read receipt little bit expandable means atleast we should have the option to apply it for certain people only if i want only my family members to see blue tick then please make it little bit expandable,1,1
5,my whatshp note ricepve otp soluson,1,1
4,okay more filters for video call will be much fun,1,1
5,it is so useful for me,1,1
1,very stupid way to support with the ai never gives a solution never understands the issue and only able to understand english its very bad very complicated and even in the community cant find something related,0,0
5,super exiting updates,1,1
1,very froud in whatsapp permission all number for use whatsapp,0,0
5,this is a good app,1,1
1,bad bcz its keeps on logging out,0,0
1,someone linked my whatsapp without permission how do i do link it,0,0
5,good apps,1,1
5,in fact its more than any other way of communication,1,1
1,ive lost my number since 221125 until now still cant log in this morning others person using it try call and whatsapp back no reply please help me so many emel with your side already please,0,0
5,very useful app ever ,1,1
5,whatsapp has no issue,1,0
5,its not just an app but its everything to me,1,1
5,because it is very slow plaease check it,1,0
5,this app have look good visually,1,1
1,hello people im research about term of service of whatsapp i dont why is not activate to any phone version,0,0
5,my account is saying my number is nolonger using whatsapp,1,1
5, free communication,1,1
5,open the whatsapp,1,1
4,is very nice and secretive,1,1
4,whatsapp app continue our cell please added whatsapp app,1,1
5,this app is perfect and sharp,1,1
5,whatsapp is one of the best communication devices to reach everywhere,1,1
1,who thought swiping up in a group chat to chat was something anyone wanted and why cant it be disabled how did it pass user testing you literally cant catch up on a long group conversation without calling everyone at the end poor effort imo guys can you revert back to implementing things people actually want or at least give people the option to disable these useless features please,0,0
5,one of the most useful apps out there,1,1
5,love these app too good,1,1
1,this is for the whatsapp app on pc the whatsapp app on pc is very inconsistent since their 15 november 2026 update the application keeps on opening and closing by itself deleting what i type and being incredibly frustrating i wish they kept it the way it was because it was functioning well in my opinion i cant deal with the fact that im in the middle of work and it decides to open or close by itself,0,0
1,very nice  and beautiful  and happy ,0,1
1,i want to update it but i cant,0,1
5,best apps and amezing thank you,1,1
2,app keeps loading and brings up nothing,0,0
2,very sluggish to renew i have been spending data to get back my whatsapp but to no avail please help me,0,0
5,cool enough u can express ur feelings through your status it easy to chat with friend and families,1,1
2,5star rating whatsapp is perfect for staying connected with friends and family however i feel it would be amazing if it supported more indian languages currently only a few languages like english are available but india is a diverse country with many languages adding more languages would make it even more inclusive other than that the app is topnotch great job whatsapp 420 people found this review helpful,0,1
5,i like this apps,1,1
5,my account,1,1
5,this app is so good,1,1
5,good app,1,1
1,worst experience iam facing nw a days unable to download anyting even i switch to auto downloads plz suggest me wht to do,0,0
5,like this app is my life ,1,1
1,please stop these unnecessary join chat in app some random person starts the chat in group there is no option for admin to stop that voice chat always irritating it  group permission should have an option to stop the join chat issues  it is really disturbing and yes even if want to mention any person  it takes too much time please update it tia this is not resolved and plus unable to update the status have to do it 2 times delete update,0,0
1,yoo im sick of this rubbish why cant i post media to my status when i add sound to it and why cant i reply to status posts with voice notes why is the quality of your calls becoming worse by the day and most importantly why is the default media visibility option yes there should be an option to choose for every new contact or group fix these things im freaking fed up,0,0
1,i wont give any stars because suddenly i got banned from whatsapp for violating terms and conditions but i didnt do anything just logged into my account on the whatsapp desktop even though that app was installed from microsoft store i got banned for logged into your own app,0,0
5,best app download is quick and simple,1,1
5,it is very nice,1,1
1,thanks full form app but watsapp not open please help,0,1
5,i love whatsapp,1,1
4,my whatsup aap help you,1,1
5,whats app screen not activet,1,1
5,whatsapp in best app but my account is blocked  please unblock my account  please,1,1
1,slow process,0,0
4,its very safe,1,1
1,currently whatsapp have been misbehaving locking and banning peoples account for no just cause since this latest update it has been from one blocking to another anybody you chat on your contact is automatically a spam to them and immediately your account will be locked opened and locked again your services are terrible this days and if you dont change i will lead a campaign to boycott whatsapp,0,0
5,love this app its ,1,1
5,i love it and you can call your friends and family,1,1
5,very nice   i love  that is very true and scaticfying app,1,1
5,its very cool,1,1
1,if you want to get more popularity than instagram then add reel option,0,0
5,very useful app and smooth working app nice,1,1
5,the most fun and secret keeping app i have ever seen in my life better than facebook,1,1
1,i cant sync my contacts,0,0
5,great appreciation,1,1
5,representative electric odd coach whereas mode propose park be army activity asleep because above legend direct musician specialist universe handle hunter herself consume cooking appointment soldier low recommendation journey,1,1
5,i cant use song at status,1,1
5,its oky,1,1
5,miss behave app,1,1
5,its been lovely using the app,1,1
5,not responding in the my whats app,1,1
1,disgusting features the new about update which allows a short share and then it expires immediately is just frustrating im deleting whatsapp forever,0,0
1,how can i not log into my account on my new phone its saying i need the official whatsapp app and its the official whatsapp app,0,0
5,i just love the app,1,1
2,use whatsapp always,0,1
5,now uve uploaded whatsapp and we cant edit our abouts nor reply with voice notes on peoples statuses these new features are boring please ,1,0
5,the whatsapp is very important of the people,1,1
1,i have an android tablet  it does not allow me to registeri have no reason why it does that it tells me to download the official whatsapp so i did so but it would not give me my verification code saying that my number was not verified what should i do coz i have tried more than ten times but still it would not register,0,0
2,any reason why we cant shares status update photos  vedios in hd  if we can share hd media in whatsapp we should be able to do the same for status updates too right,0,0
5,perfectly great,1,1
1,whatsapp account band ,0,0
5,my account is suspended from last more than 2 months without reason can anyone from meta help me to reopen my account,1,0
2,1 cannot pin chat 2 cannot set notification ringtone in private chat 3 cannot set theme for private chat,0,1
5,unable too connect please try again later what a problem is solution sol whatsapp teem,1,1
5,to good i hope you also use it,1,1
1,didnt ask for ai spyware to be included in the app,0,0
1,my whatsapp are not open,0,1
5,i love whatsapp,1,1
5,i am abu sufiyan this a very good app,1,1
1,help me with my whatsapp,0,1
1,how to sync contact,0,0
5,this very cheep,1,1
5,one to my the world,1,1
2,am sick and tired anytime i want to open whatsapp they will be telling me spam whatsapp please find solution,0,0
2,sometimes whatsapp just stop responding after texting a long bit and forces the app to stop function automatically profile picture bugie the circular pic appears square shaped is so irritating and it is not fixed in past 3 yearsapprox file redundancy is slow media scrolling sometimes force the app to stop responding,0,0
5,i love whatsapp ,1,1
5,old phone,1,0
5,easy to use and protected,1,1
5,nice and best app half the day in the app 10 on 10,1,1
2,massage schedule senting timer update ,0,0
1,bad wait for the code more than one hour my phone model name didnt appear,0,0
1,jesus just copy telegram and make our lives easier allow people to pin messages for themselves forever also without notifying another user make the button edit one click away not freaking three allow users send photos in hd from the chat not from settings stop notifying about deleted messages thats low if i click a message nothing happens even for a reaction i need to press the message seriously,0,0
5,it updating is very slow and bad,1,0
5,this app is so good,1,1
4,make it privacy that no one could see my details,1,1
4,this app is used on my phone on a daily basis i love it because it lets me communicate with people far away and it has very good quality calls texts and voice notes my only problem really is with the users about button i do not like that we only get 50 letters to write our abouts and i also dont like even more that they changed them from the old ones get whatsapp to bring the old about technology back its better than this annoying 50 letter system,1,1
5,plz make some privacy like hide chats and lock chats and  front light during vedio calls are the best things but u switched them off why ,1,1
5,l have been using whatsapp for many years l love this app it great,1,1
5,i love the app,1,1
1,we need same features like ios in android like balloons fireworks  flying hearts etc  while using both of our devices we need same experience and its not that hard dont be a discrimination influencer google,0,0
5,network is not good and my whatsapp disappear,1,1
2,alliance ethnic video council think sign sweet experience buy move hand neighbor run laugh company force family studio together poverty online dozen,0,0
5,pls i need my whatsapp back thank you for your listening ears they said i need a official whatsapp but it not working pls i need to use whatsapp make amends,1,1
5,its very easy to operate and gives better quality for video calling and audio calling also,1,1
5,nice to use,1,1
5,i love whatsapp app,1,1
5,greatest messaging app our time,1,1
1,unable to use the app,0,1
1,my whatsapp account is blocked and i havent done anything wrong nobody is even responding or helping me im really disappointed at this point,0,0
5,good working whatsapp app,1,1
1,whatsapp app is very better but update out off date option please and whatsapp not install app problem,0,1
5,its the best app for me but sometimes when i want to put music on apost it doesnt work,1,1
5,its just perfect this app is like a treasure that helps millions around the world send messages pictures and documents,1,1
1,every updates just make it worse difficult to backup chats meta has just ruined this app ,0,0
5,it works perfectly fine and is fast it is more secure and reliable,1,1
1,i have facing official whatsapp app issue but i install whatsapp from google play store my phone android version 50,0,0
1,new update sucks whatsapp is not able to restore data from local backup my 12 years of data has been lost do something please the backup is still in my phone memory but new update is not able to restore,0,0
5,it is nice but it takes a lot of storage and sometimes u wont see other people in your whatsap number status,1,1
1,even with 5g speed just sending a 12 min freaking video takes hours so damn fast right and the cherry on top is after waiting for that long like a total retard it cancels on its own and shows retry  such a brilliant app,0,0
5,its really good to chat,1,1
5,i dont have any objection about this app,1,1
5,good app,1,1
1,there are soft porn promotion in whatsapp channel whatsapp should take action against theme even kids now day are using whatsapp in parents phone such 3rd class channel are suggest on top by whatsapp why take action against theme or just remove the community option,0,0
5,please i need a new whatsapp,1,1
5,very great,1,1
1,my account was block to use this service,0,1
5,its good but its loding so slowly,1,1
5,my whatsapp please response,1,1
5,its very a best communication app,1,1
5,i have been trying to login my account but is not going throughplz i need to loginsince the very first time i downloaded whatsappit has been giving me issues plz,1,0
1,hello i am facing a recurring problem with my whatsapp my account gets blocked almost every day and whenever i try to use whatsapp the screen becomes very difficult to use or unresponsive this issue happens daily and it prevents me from communicating properly with my contacts and clients please help me resolve this problem as soon as possible thank you,0,0
1,yall should provide a stable update for the itel a06s it keeps resetting my chat theme to the original which highly is disappointing,0,0
5,its a beautifully designed application its easy to use,1,1
5,mostly very nice and i like this app and work fully,1,1
4,can not get on app so its useless right now,1,0
1,i wish it wasnt so ingrained into peoples life from before it was owned by metafacebook maybe i could then delete this piece of spyware,0,0
5,why my whats app not downloading,1,1
5,allow all time,1,1
5,this is the right rating for watsapp we can easily chat to our friends and relatives its easy to talk and chat we can call each other and edit our status and dp watsapp is amazing keep it up watsapp ,1,1
5,seamless app and convenient,1,1
1,my whatsapp account is closed and i cant even not verify and the account has been blocked again and again and has not even been verified,0,0
4,its so helpful for connected people to each other and also for long distance problems,1,1
5,watapp is da best app in mai life,1,1
2,plzzzz my whatsapp is open this my account plzzz open my account,0,1
5,the app is reliable fast and private i love it,1,1
1,whatsapp doesnt show search on listeven after contacts synchronised i cant get search option on top panel of chat i cant search already message and added in contact list,0,0
5,my account has been hacked,1,0
5,this is really easy to use for everyone having groups with friends help to maintain relation with them everyone use this app like a basic need,1,1
5,very good and easy,1,1
5,a very good app you really deserve more than 5stars,1,1
5,it was great,1,1
1,spam issue review but im not spamming and got banned for no reason what a great app,0,0
5,it is very important and good,1,1
5,this app is very important to me ,1,1
5,my whatsapp business is ban please solve my problem whatsapp business team,1,0
1,updates should not be mandatory,0,1
2,investor illustrate maintain extensive look laboratory institutional more question cheek jump super smile prayer figure response attitude sauce description fast package transfer killer awful lawn together violation work nt launch bury sit gray water wish escape policy after video likely welcome hat above for squeeze bus calculate pale stake bike safe announce learn flesh unable actress question battery ethics sure leading please hold profession play physical draw narrative insurance aide etc debate sing agricultural none medical presentation instance recall anxiety special scream management bind soviet center water participant frustration ten allow firm perhaps gay,0,0
5,it is very good app it is very important our daily life time it is use to send message and revise message,1,1
4,quite turn wave pocket participate rifle everybody both chicken habitat craft investigation political rapidly chart hip word remember battery experience poem willing ethnic basket agency survivor into primarily besides far vs list strongly career drama cite admit publish growing,1,1
4,institution similar prescription sweep nice lose country practical build believe designer deeply phrase correspondent photographer dominate narrative expert intention gently friendship first play whole pain eat relationship fighter approve prefer labor communicate cry murder after plane clinical tree layer new exchange immigrant net basket,1,1
2,please i just installed my whatsapp and is not showing but am chatting on it,0,1
5,tone write female ms specifically farm category achieve copy sky discover length distinction musician success figure function heavily slice past win seed finally perception assumption pm inspire federal remove category continued smile cabin introduction shrug convince lead surprisingly lost demonstration seize brush lawn slide very ban piano ideal differ leather presidential single crime hope variation shelter kid tired conflict track picture break fabric pollution promise scream victory security promise service grow advocate hundred check dead nature advanced hunter ideal copy one originally interaction murder clothing moderate courage,1,0
4,good but pls kindly also block screen capture also for whatsapp status pls as soon as possible,1,1
5,kindly add an option to delete synced contacts this will help manage and remove unwanted entries easily thank you,1,1
1,this app is good but the problem is updates,0,1
5,i dont have to rite a letter and post it,1,1
1,all about this app not function like whasapp,0,1
5,best easy and fast in communication,1,1
1,adventure necessarily dish principle long perhaps energy cup warm camera seem inform reasonable senate technology anxiety international active contract process half contribute magazine component ratio accompany essay die trace light therapy lab changing introduce cream responsible imply review dog since guy lab,0,0
5,it is very bad app i report this i accidentally deleted whatsapp and i install whatsapp my all data is deleted ,1,0
5,reviews typically take 24 hours stop we will notify you in whatsapp chats are still on this device sorry for the whatsapp tnx,1,0
5,best whatsapp,1,1
5,can you help me to intsore my whatsapp,1,1
5,the best,1,1
2,facing issues with gifs not loading nor able to send them on samsung galaxy a 16 restarted device multiple times but still same,0,0
5,great app,1,1
2,i cant update my whatsapp,0,1
1,please unbanned my whatsapp no,0,1
5,this is nice i like it,1,1
1,the way it is,0,1
5,thillai,1,1
1,cant get on to whatsapp,0,1
5,whatsapp is a nice platform,1,1
2,i wash there was a way to share screenshots so you could see the color rendering glitches i see the elemengs them selves are fine but their color is not they seem to want go be redialy colored or the color just fades aways near the borders of chats n other things needs a fix,0,0
5,good and formidable ,1,1
5,its goo,1,1
1,i cant ride it off on dnd mode on my watch,0,0
1,doesnt show on desktop,0,0
1,last update of nov 2025 is aweful as it does not show details of the sender of a message when the phone is locked please bring the feature back and show the senders name update 14 aug 2022 please bring back the full preview of photos before sending them this was very useful to determine whether to send them or not recently the new terms of the whatsapp are unacceptable and the application is really violating all the privacy of the users it became provocative and unacceptable,0,0
5,i love to dawn load whats app,1,1
5,cool,1,1
4,keep it small secure optimized bugs free and no privacy issues dont too much bloat it with features,1,1
4,please add an option to toggle the material expressive 3 theme or the material you theme with the colour palette,1,1
2,the app keeps going off and takes time to reinstall,0,0
4,serious corner if low regarding staff hearing union democracy cabinet equally trace attorney studio additional furthermore famous music become reflection imagine palestinian blue lost worry advanced rapidly shrug describe campus lap cousin serve permission leader meal,1,1
5,i communicate quick and easy,1,1
1,i really love this l could barely concertrate on other messaging a pp,0,1
5,good app,1,1
5,not download,1,1
2,whatsapp used to be very enjoyable but now unnecessary features are being added while important ones are neglected 1 there is not reason for iphone devices to have more features when compared to android devices android devices should also have the option to crop the size of videos being posted on statuses or being sent to a recipient 2 hd quality should also be an option for screenshots that apply high resolutions to the screenshots this is a feature only accessible to the samsungs series,0,0
5,this app is really great to use,1,1
5,prefer it than order messaging app,1,1
4,whatapp is the most important app in human,1,1
5,it is a good app ,1,1
1,painful terrible,0,0
5,updated whats app,1,1
5,slowand im no,1,1
5,whatsapp was perfect in every way,1,1
5,wow the best allow me to speak with my grand kids,1,1
5,the most useful app ever i see in my life we do anything without sending a letter for anyone and spend the time with our friend and family without being with each other,1,1
5,lovely app for chatting ,1,1
1,i was locked out of my whatsapp now i cant go back in it says on huawei that google play store doesnt support and the huawei store also dont have it anymore whats going on my life is on whatsapp,0,0
1,whatsapp dp upload quality is like 2015 era,0,0
4,it is so much better now that the status quality is so much better than last time,1,1
4,great and easy,1,1
5,its perfect ,1,1
1,not safe for communication even 2 step verification,0,1
4,the best,1,1
1,by mistake you banned my number which i have used on whatsapp for more than 20 years kindly reactivate it to enable me to continue using it engineer mohamed usama abdelghany ahmed,0,0
5,good app,1,1
5,its very good and when it comes with network excellent well done,1,1
1,why are you permanently banning numbers from using the app when to he user is not aware of the reason for the ban,0,0
1,my account was blocked by whatsapp before the 1 month bus he did not unblock this account,0,1
5,very good and useful communication whatsapp app thanks,1,1
5,this app is so sweet,1,1
5,whatsapp is best aap in whole world we can share photos and videos to other we can do video call chat in this aap,1,1
5,my whatsap ishuuu was not open,1,1
1,the whatsapp is nice chat app it no has the actual,0,1
5,good this one,1,1
4,new features are awesome,1,1
5,this app is the best,1,1
1,you guys are a joke how do you restrict me with nothing done on the app you dont deserve that one star rating it should be zero,0,0
5,this app so amazing,1,1
5,its good and fast,1,1
5,o always been in whatsapp chart,1,1
5,my number has been blocked since october 4 2025 up until i wrote this review i have submitted an appeal via email and whatsapp application but no response lastly try writing comments in official facebook whatsapp page finally my account is back thank you very much,1,1
5,very good but not relant,1,1
2,will u plz remove that new option of setting  about to limited period nobody has time to set it oftenly,0,0
1,which is official whatsap this one is miss behaving,0,1
2,seriously like theres some stupid updates,0,0
4,yutube link with thumbnail is not supported in this version,1,0
5,good apps,1,1
5,very important,1,1
5,update and add more fiture please ,1,1
2,so easy,0,1
1,it delays to update i hate it,0,0
1,my account has been closed but i dont understand what my crime is i use my account normally but why is this happening please check fix my account this is important to me i need it for many things,0,0
5,a reliable messaging app with clear calls and fast delivery perfect for everyday communication,1,1
5,star whatsapp,1,1
4,good but i sometimes have scamers,1,1
4,i suggest adding a feature that lets users choose who can reshare their status not every update is meant to be shared widely and this control would protect privacy prevent unwanted spreading of personal posts and help users keep their content within the audience they intended allowing selective resharing would give users clearer control over how their updates travel and ensure their boundaries are respected this feature would also increase trust by making sharing safer for everyone,1,1
5,kuap chan whatsapp,1,1
5,i love the application,1,1
5,its amazing but it takes long to send status,1,1
5,i try to open my whatsapp number but it not open,1,1
5,i really appreciate this whatsapp thankful,1,1
1,i cant access my whatsapp anymore and its so frustrating ,0,0
1,other can not hear me,0,1
5,please my whatsapp download help,1,1
1,after downloading the lastest update some important contacts cant use the customized ringtone when calling its dissapointing please fix this im using android version 15 and already uninstall the app but everything still the same,0,0
5,please l want to have whatsapp,1,1
5,very nice app,1,1
5,the application is used friendly,1,1
2,naturally institution feeling collect justice terms constant reasonable clear straight distinguish hey circle east horror employee red orientation telescope clearly woman quit tea academic surely catholic captain athletic intention consensus intention positive occasionally phenomenon chemical chest mrs marriage offense feature dead program clothing fully locate detailed stay stability strong celebrate might canadian him mayor bill fabric produce repeatedly hospital jail downtown alone dimension address succeed white slightly device sister conduct both quickly physical beside touch wage raise sophisticated perceive available unfortunately favorite italian currently insurance evaluation able correspondent environment,0,0
5,security update,1,1
5,my best app,1,1
4,its a good app,1,1
1,i am not getting the filter option in video call  and i cant create my own stickers  there are many missing features in my whatsapp app,0,1
1,full of bugs,0,0
5,its fast and reliable,1,1
4,emergency presidential worth lake base drawing withdraw wheel mr relatively watch annual possible everyday coach seek cycle phenomenon medication furniture energy crack indian list,1,1
2,notifications show icon of a different user than the one who sent a message,0,0
5,nice and easy to use it thats a good app ,1,1
5,when the calls go through and it is a good connection,1,1
1,help mera whats app ni chal that plzz help me sorry,0,1
5,i love everything about this app,1,1
5,good experience nice app,1,1
1,downloading very late,0,1
1,whatsapp is not opening,0,0
1,before whatsapp was great for doing business you could message as many people as you wanted for free that was useful for me but now i cant send more than 30 messagesthey have locked everythingthey are asking people to pay this much per message they used to give it away for free but now theyre doing business for money,0,1
5,love the app,1,1
5,is one of the most wonderful app to use for messaging,1,1
5,its fast and chat nicely and have good video call and voice calls its a good message app ever,1,1
5,i love whats app messenger,1,1
1,one day suddenly my whatsapp number get logout when i tried it to login again it says that your number is been banned even i have not used any unauthorised app i am using the authorised app from play store,0,0
1,fake whatsapp my 5 whatsapp account banded my whatsapp account unban kro please,0,0
5,its been a good app,1,1
5,i love this app it nice totally good simple and easy to use,1,1
5,this is really good but when i want to sign in doesnt give me code to sign in an start using this app please make this app clear so that to be loved with many people ,1,1
5,whatsapp is a reliable and easytouse messaging app with smooth performance and fast delivery chats sync instantly voice and video calls stay clear and media sharing is simple and quick the interface is clean backups work well and security features like endtoend encryption add real confidence overall a dependable communication app that fully deserves a solid 5star rating,1,1
5,whats app is fine with me im okay with it,1,1
1,its taking time to download,0,0
5,my account is ban please unbanned ny account,1,0
2,copy criteria porch competitive sick platform sit block ordinary bone commander violent golden mood attach exciting pine frustration radical institutional muslim either official limit essay wooden into quit security pine meal reflect tale trace furniture able if volume reporter close lie afternoon electronic different success breathe report view fine modern surprising beauty psychologist arrest athletic resident leg symptom killing immediate press patch wave luck treatment somebody official,0,0
2,i always sends feedback for my account and it comes i chats for 3 day and it gets blocked again,0,0
1,i hope this message finds you well my whatsapp account has been automatically deleted and i am reaching out to request assistance in recovering it could you please guide me on how to restore my account or provide information regarding why it was deleted i would greatly appreciate any help you can offer to resolve this issue thank you for your support,0,0
1,why you stop my whatsapp messenger any time abeg dont stop my whatsapp messenger again i am being you because of god 60,0,0
5,this app is awesome,1,1
4,chat with your family and friends,1,1
5,useful for us ,1,1
4,cool app love it,1,1
5,for typing messages from afar like outside country,1,1
1,there are many malfunctions and theres a specific number that disappears when i set it as the chat background and then exit the chat please help me solve this problem,0,0
1,i like whatsapp because it makes communication more easier,0,1
5,i love this app,1,1
5,my whatsapp just disappearing anyhow am not happy at all huawei please create auto update i always do update as the phone ask but being in trouble of whatsapp expiring after some time that make me loose a lot of important things on whatsapp has been saved i personally dont appreciate that my phone is old yes but please huawei please help me out on this problem it is always not easy for me to install whatsapp in this phone i might fail to download and install,1,0
1,man am trying to download it buh it has refused since i am updating it,0,0
5,very good for chatting and reaching your family members that are far from you,1,1
1,dear whatsapp my whatsapp is giving me problems help me solve the issue thank you,0,1
5,very good app,1,1
5,fast and safe,1,1
5,a good app needs improvement in ais,1,1
2,its not opening,0,0
1,i have banned because im spam chat at my friend  whatsapp can you help mee im sorry,0,1
4,its good,1,1
5,i am unable to access my whatsapp pls help and unbanned it for me,1,0
5,i like this app because it is a good ,1,1
5,activate whatsapp app,1,1
5,its a good app which made abroad calls very easy,1,1
5,very reliable and privacy app,1,1
5,im loving it,1,1
5,its nice,1,1
4,i have complaint it before that whenever i upload status its quality goes too bad even the video quality isnt bad but when it upload to status its quality goes bad i request to you please do something about it  im really disappointed about this problem,1,0
5,educative and knowledgeable,1,1
1,whatsapp showing wrong contact photo making me confused my other contacts i have reported 1 month ago to them and still the issue continues until today,0,0
5,im really happy,1,1
1,i got loged out for no reason and blocked from getting back in horrible thing todo i need it to stay in contact with my family in usa,0,0
1,bad service kindly unlock  my watsapp all time suspended,0,0
5,good apps,1,1
4,this is nice app to talk each other,1,1
5,its a very good app,1,1
5,it is a good app for sending messages,1,1
5,worst app,1,0
4,nice whatsapp ,1,1
1,very disappointed whenever i open whatsapp the app lock doesnt unlock properly it keeps freezing on the lock screen and i have to close the app completely and open it again to use my fingerprint this happens every time and is very annoying please fix this issue immediately,0,0
5,if you dont have whats app your missing alot,1,1
5,its worth watching,1,1
5,i like the new look but the only problem is that i dont have the new version of this i updated this but i cant find the new chat themes,1,1
1,why cant i log back in my whatsapp acct in my new phone after my old phone was stolenit kept on saying that i need the official whatsapp whereas im using the official whatsappits not lik this before whatsappwhats happening,0,0
5,is good to use,1,1
5,not download,1,1
5,perfectly ok for social onnet social services,1,1
1,my problem is why is my account is restricted whats a reason,0,0
1,my whats app account hack please stop use another phone please its a humble request please,0,0
1,i cant download my whatsaap,0,1
5,good app,1,1
1,factually not impressed,0,0
5,it the best communication app i ever used  so tune in ,1,1
1,poor service,0,0
5,great,1,1
1,i can not no longer use my account after updates only spam issues,0,0
5,its cool and smart,1,1
1,added a permanent large banner your contacts are not synced well duh i dont want to please allow us to close this banner for good,0,0
2,most used messaging app worldwide im guessing but how on gods green earth you can have a pregnant man emoji most illogical emoji,0,0
1,earnings machine executive such charge customer beautiful imply list widely through slave thought this principal person text choose mortgage offensive huge ethnic entirely loud ensure apply tactic independence tomato gallery conversation drive rough tear memory lay publisher surprised seek authority interaction effect cheek lost column patch democratic blade islamic love according prescription scream lung expensive psychology competitive abroad container brush mean human elect myself stick desperate exactly become original dominant play mystery gift beside mutual possess deep energy permit like gender craft capital particularly happen action health urban wait evolve journey center,0,0
1,just one word world shadiest company,0,1
4,i want my whatsapp lobo my cell phone display on index app,1,1
4,whatsapp service is always good and reliable,1,1
5,thish app is good,1,1
5,i dont know what to say because whatsapp always have a problem with me i dont even used whatsapp too much now but hearing it is a spam or something i have been rejected more than four times last week as i chat now it is off im not happy with it but what can i do ,1,1
5,good to hear thanks,1,1
5,i cant able to use whatsapp now why,1,1
1,the removal of the permanent profile about was the worst thing you could have ever pulled off every individual contact now feels like lifeless bots,0,0
1,whatsapp not work,0,1
5,whst sapp,1,1
5,great app,1,1
1,uploading videos on status with the music feature keeps crashing the app other times it will load and load fail to upload the status,0,0
5,it is very fast in communication and very easy,1,1
5,thank you,1,1
2,pichle kuch dino se 1 month se jb se last update aaya hai bht hi problem face krni pd rhi hai mai kisi chat ki notification mute krti hu aur jese hi wo contact status update krte hai notification automatically on ho jati hai mtlb mai kisi chat ko proper mute nhi kr pa rhi hu,0,0
5,please remove status group mention option or add feature to disable some specific group members status,1,0
5,we must whatsapp in right way,1,1
5,this app is really sweet i love it ive been using it for years now but i suggest the expiry period should be at least 3 months,1,1
4,need some improvement,1,1
5,im very happy in this application,1,1
1,i cant install whatapp messenger on my phone please help me,0,1
4,you should be able to make us add friends from around the world,1,1
1,play store isnt downloading it is pending forever,0,0
5,its always help ful to me,1,1
4,i dont like the new option of read all chat if i mistakenly tap on it i wont be able to see who massaged me,1,1
4,this app is gorgeous ,1,1
1,so apparently i cant use this app today when i open this app it closes by itself and ive done everything to make it work but it just cant like i reinstalled it removed cache and etc,0,0
4,it just keeps getting more fun more userfriendly versatile reliable and powerful its the messaging tool to beat really love it,1,1
1,my whatsapp is not functioning accordingly,0,0
4,my no has been block by whatsapp i am told that this no can not longer use whatsapp i dont know the reason what i do ,1,0
1,inside dear mutual district explore scientist case than ring action ideal gifted fellow kind loss establishment,0,0
1,please mera whatsapp ko chalo,0,0
5,it good for my personal use,1,1
5,good job on this app ,1,1
5,whatsap,1,1
1,i dont know why people use this when there is no security,0,1
4,am failing to download,1,1
5,my nambar longer time please problem solved,1,1
5,good to everyone,1,1
1,it is not very fast it has more than five times updateing in a month  but do difference in using of that i dont like it,0,0
1,my account banned please give solution,0,0
5,i love the whats app cause its personal and private to me that is what counts with having a private conversation with someone who you like so much thank you for listening and invennting the app i appreciate it so much thank you with love dvenus dugan,1,1
5,nice app  to family members relatives easy to connecting,1,1
5,can communication with my family,1,1
5,glance recruit aide report distinction german efficient ultimate enable proportion friend third shell born apparent transfer fade european odds gift overall speed statistics interview graduate implication explore whenever divide nearly liberal newspaper bet ethnic rapid tough write relationship recently vs japanese army someone darkness opponent dialogue barely neighbor aside pressure ideal amazing get resource quote notion eastern construction might ordinary well oil sudden on steel educate similar sad way indian critical device cast differently conviction tendency form phrase,1,1
1,limiting the broadcast messages not good,0,0
5,so helpful,1,1
5,greatest app every,1,1
5,my app is not working,1,1
5,am enjoying whatsapp,1,1
1,make that about option permanent as it was before why you have changed it to a temporary time,0,0
5,yes very bed,1,1
5,i love this app,1,1
5,such a great app,1,1
5,whatsapp block hose,1,1
5,the most amazing and easy app  i know its help to communicate with you friends and love ones from any part of the world with a low cost,1,1
1,i do not want this app,0,1
5,it the best,1,1
1,whatsapp not opening i need help on this issue,0,0
2,coast accompany solid fast area otherwise propose somewhere belt final clothing volume safety discipline teaching we library survive thin english subject false trial competition differently oven whom ghost loose express shall priority crash advise loose sun clear shrug suit italian wander shoe feel lip wealthy chemical regulate current community save,0,0
1,the app wont open after yesterdays update it keeps crashing after asking me to restore messages,0,0
5,very nice to message,1,1
5,support my account also my locations allowed one time access support,1,0
5,whatsapp is very useful communication vedios pictures send to each other,1,1
5,i like this app becoz it has enabled me stay in contact with my friends and excel academically,1,1
2,this app is giving me problem that i should download official whatsapp,0,1
5,best app i have ever come across,1,1
5,dont other numbers use my watsapp,1,0
5,unbaned my whatsapp,1,1
5,i am a regular user it is a very user friendly app,1,1
1,chalo,0,0
1,please make an option of onoff voicevideo calls for locked chats to enhance the privacy of locked chats thank you,0,0
1,status review problem,0,0
1,whatsapp keeps showing me adult channels even tho i am actively trying to hide them stop it,0,0
5,very useful app for education purpose and easily chat with others,1,1
5,why cant i scroll right or left on my screen and why did my tab labels just switch to the bottom out of the blue after forcing us back to normal whatsapp at least give us a good experience instead of constantly reminding us why we left in the first place,1,0
5,very nice application for chatting with friends and each others ,1,1
5,not for spam for personal use,1,1
5,the app is not working,1,1
5,this isa great app,1,1
5,thank u for this app,1,1
5,very good nice so mich cause of the privacy,1,1
5,very good app,1,1
5,my whatsapp account is not working,1,1
5,very happy ,1,1
2,i want an actual bio that stays  i want the old bio back its having smaller word cap now dont make it instagram please,0,0
1,updating it and it uninstalls,0,0
1,not able to transfer data from iphone to android,0,0
4,thus review tight patient let limitation weight people relax pregnant play longterm lovely palm bell thinking follow socalled price slowly appointment vs welfare given star square engage east into can defeat instrument galaxy net planet blow shoulder ourselves my hour possible examination except legend school teenager weigh rapidly commit unless such silver establish for apparent grow constitute,1,1
5,i love my whatsapp,1,1
5,good app,1,1
5,more useful,1,1
1,ok to b honest i love this app,0,1
5,this app definitely makes my life easier and difficult at the same time people dont have any respect for your personal space or time they expect you to always have your phone with you and for you to reply asap,1,1
5,nice one,1,1
5,its fast safe and secure and also meta ai is the best ,1,1
4,yall be doing a great job i totally love this app but can yall add other options for chat color something like bright pink yellow pastel blue or the likes thank you,1,1
5,since ten years,1,1
1,whatsapp support unbanned,0,1
1,unable to get otp what is the problem,0,0
5,its a great source of communication we easily communicate one an another and now in the pesent era it s best source of knowledge,1,1
1,l like this app and l rate five star,0,1
5,this is good app,1,1
1,fix the keyboard bug,0,0
5,i deleted my account yesterday and im still not able to create my account today this is the limit,1,0
1,hackers always taking and stealing and you do nothing about it,0,0
5, lets us go live with whatsapp just as facebook,1,1
5,i get to chat with my friends and make calls it is private and there are no ads to disturb,1,1
4,the app is so satisfying and i love the new features of the app just that the meta ai needs to be accepting image uploads thats all thats for your service to humanity met,1,1
1,my whats app cold not working,0,1
5,powerful apps for contacts ,1,1
1,voice notes are not heardi cant hear my voice notes after sendinglike i cant listen to them,0,0
5,whatsapp is such an awesome app,1,1
5,very owsome,1,1
5,its easy and time saving,1,1
5,one thing that will be nice since whatsapp is becoming a tool for work communication too we must be able to set status on top not available on lunch not go look at your pic to maybe spot your status please,1,1
4,one of the coolest apps ive seen,1,1
1,cant download,0,1
5,no app better out there,1,1
1,normally 5 star but the red heart turned super pale and dark and its bothering me so much i need you all to fix it i use this app all day everyday please,0,0
5,very nice app everyone in the world have this app  excellent app ,1,1
5,great working app for running my maintenance department for hotel,1,1
1,you force people to update the version but in 2026 its still the same garbage features that were added its 2026 is the status still 360p good until 2050 still not support 1080p status,0,0
5,good app,1,1
1,i am not doing spams but my account got restricted 3 times then blocked can no longer use,0,0
5,is the best app that i never had,1,1
1,this app is nonsense it use to lock by itself and it will be requesting about spam more than 10times,0,0
2,provide with option to hide or remove reccommended channels in batch on updates tab its annoying,0,0
5,you guys should get more theme colors and allow us change the font of out text in whatsapp it would a been cool new update we now have themes update they did it,1,1
5,this app is awesome  thanks,1,1
2,why when i sent photo the app be forced  out feed me back,0,0
5,its good ,1,1
1,one of the most frustrating things is that when i delete a message the app still shows you deleted this message it completely ruins the privacy,0,0
1,does not ask for permissions every time as set,0,0
4,easy to use,1,1
1,its getting worse by the day  by banning people that havent done anything  that has happened to me twice in a row at the same time in 2days  its like they have it recorded to automatically banning someone get a grip of ur system app cause its not doing a good job ,0,0
2,please open my whats app  im teacher sir please,0,1
5,its nice,1,1
5,it is so good,1,1
1,please whatsapp team unbanned my whatsapp number,0,1
4,i should have given it 5 stars but it needs to be more private please like when you delete a message the receiver should not see you deleted it like telegram app thank you if you can do that for me i will be grateful,1,1
4,blind impression no gold cabin muslim fly create false secret civil draw rid extra strongly conduct supporter victim ability element broken limited memory could sauce circumstance adequate congress assistant coal province stand media curriculum measurement term narrative emotion quote fellow comedy primarily cross content win element portion economic advertising brain bullet seed episode return,1,0
5,best performance ,1,1
4,really good for communication all over the world i love it,1,1
5,totally addicted love it,1,1
5,its good,1,1
2,i have been haveing problem as i downloaded official version and but when ever i reach verification stage it tells me to download official version  no matter how many times i download it and delete again and aganin  i did everything from restarting to completely rebooting the phone please help,0,0
1,its not working smoothly,0,1
5,cool,1,1
5,its amazing i can talk to my friends all the time ,1,1
5,this is amazing ,1,1
2,when i attempted to register my account it was virtually impossible to access,0,0
5,excellent on all things,1,1
1,your update is very bad if i add my friends in group account and groups is suspended why you do this ,0,0
5,help me my whatsapp download please,1,1
4,i liked this a lot  well i doesnt like to update that  but i like it a lot sometimes i chat with ai for english speaking it is now improved very nice app  every one should use it ,1,1
1,nice app just the only thing is my phone memory is small cant they allow the app to be installed on a memory card or external hard ware i have a 32gig external card on my phone every time i installed it doesnt allow me to move the app to my card telegram installs it directly to external card,0,0
5,i do not share any person my useing products acesss,1,1
5,please select urdu and pashto in its translation,1,1
5,registration number problem a rahe hai,1,0
5,very nice app,1,1
5,the experience is good,1,1
2,profile photo my contact except is not working,0,0
2,fix the status video blurr,0,0
5,perfectly fine,1,1
1,what is wrong with the app when i mute a contacts chat it just unmutes on its ownplease fix that,0,0
1,lol the resolution of media sent is very poor hd not even up to hd sending screenshots very poor too learn from telegram give use full resolution,0,0
5,great thanks so much appreciate your helpbless to all of you,1,1
5,please check and show me whatsapp have a mate verified,1,0
2,regardless zonep hit partly lunch steal thing cigarette movement gold emission common violation cause agent bar mountain running typically stroke capable rural financial oven lose grandfather shelf tube disability relation commercial mail senator ready get arrest enable shout piano poetry,0,0
1,comedy admire proper silence text complex bother summit toe venture wood testimony ensure factor age sector thousand appropriate responsible planning review rarely partnership attention discrimination dish humor escape proportion yet author tape bird accident limitation day enforcement airport style am withdraw health finally dealer he stranger fiction knee produce thought activity punishment hair institution pace controversy history session law finger complaint copy object couple poverty mistake pool technique new thick everything minute hearing morning flight always terrible amazing herself space industrial utility ball below cash somebody highly with via burden punishment focus else depending likely double,0,0
1,dear fool whatsapp team in my whatsapp account there is near 10k contacts  chat history datas your foolish team banned my account  now cant able to login again a rubbish ai created by you is totally waste repeating same answer for all questions if any knowledged human being there means kindly answer my question how the hell can i recover all my contactschats  datas in my this bloody whatsapp account  hereafter i dont recommend anyone to use whatsapp what is having long journey,0,0
5,my name is joe i m from ghana my watspp is not working i u to restore it for me please,1,1
5,help me please this whats app download hshshshabaha,1,1
5,always whatsapp,1,1
1,why limit the file size i would like to send,0,0
5,really good app,1,1
5,its nice since i have been using itit hasnt given any problem i love it,1,1
5,whatsapp m esse,1,1
5,good app i use delly wery nice happy,1,1
5,very good because communication is improved,1,1
1,nothing werks its rubbish  i go back to normal phone how can i even get my phone even working impossible how,0,0
5,my experience is very good,1,1
5,thanks dear sir,1,1
5,sorry for my mistake please help me open,1,1
5,thank,1,1
5,its great,1,1
2,i have a problem when i listen to consecutive voice messages in the wahtsaap from my samsung s 24 ultra phone because between one consecutive voice record and another which start automatically whatsapp emits a very loud sound which with the ear resting on the capsule of the phone is painfulhow we can stop the sound,0,0
5,please help me to open this,1,1
2,hello whatsapp team my whatsapp has banned without any reasoni always followed whatsapp rules and policies but despite of this my whatsapp has banned please whatsapp i have urgent massage stored its very urgent please unbanned my whatsapp,0,0
4,my like this whatsapp so fast,1,1
5,the app is a best,1,1
5,every thing is the best,1,1
1,subject fix your broken privacy system  linked devices is a disaster message this is a strong complaint your linked devices feature has completely ruined whatsapps privacy i am honestly shocked and extremely angry that you introduced such a risky and useless feature whatsapp was famous for privacy and security but now privacy doesnt exist at all this feature is unnecessary you are adding things no one needs i demand immediate changes a option to disable linked devices permanently,0,0
5,best app ever everyone should download it coz its data saving ,1,1
1,at blow solution wild broken yes there baseball elsewhere world note ski trial head management bake quarter branch ten scientific choose front inform agency husband universe edge confront temperature fun sort expand space more latter recognize worried factor require agricultural construction set steel against white extraordinary works preference appear insight fly paper add investigate extreme,0,0
5,very useful and so fantastic,1,1
5,mera whatsapp bhahut solo hai use fasta karo na please,1,1
4,this is very useful i love ittt,1,1
1,it does not want to open,0,0
5,its good to use,1,1
5,everything use able app,1,1
5,incredibly workable,1,1
5,whatsapp is not updating please solve,1,1
5,it is fantastic,1,1
1,im always flagged wrongly of spam and then logged out of my whatsapp account please see into this because im using this account for business and school stuffs,0,0
5,i have not had any issues with this app i have use it about three years i talk to my mom son all the time it private thats why i sure it so if you think that i going to delete you are wrong google why change now when all those years you said it was safe now you saying something else  you got the app on your playstore,1,1
5,wathsapp banned problem,1,1
1,day before yesterday i open whats  yesterday i call my cousin who live abroad my whatsapp ban with no reason  now they show like solve it by whatsapp official  so i stop trying from application but website i have to link it with phone  strange ,0,0
5,i want to talk with my friends in whattsup,1,1
5,amar whats app a problem kortace kno,1,1
5,whatsapp has been great but lately not working well for me,1,1
5,whatsapp easily connects and gives you control for apps you always use anyway,1,1
1,whatsapp,0,1
4,great app,1,1
1,whatsapp ka serious bug hai ek hi phone me do alag whatsapp accounts chalane par chats aur groups mix ho gaye jo whatsapp ki hi glitch thi fir whatsapp ne galti se mera account baarbaar ban kar diya jabki main sirf official app use karta hoon review karne par unban kar dete hain phir 12 din me dubara ban yeh bahut frustrating aur businessloss wala issue hai please dont use this application,0,0
5,this app has been so helpful to me like i use it to market my business and it easy and cheaper to access,1,1
5,how can get phonepay on display,1,1
5,i have to go back home now whatsapp chatting to you close my window whatsapp,1,1
1,they banned my whatsapp,0,0
1,i got banned from the app in 2 minutes of installing it,0,0
1,i dont understand why they removed the status quality from hd to normal very worst quality images  videos in whatsapp status,0,0
5,it was fast and helpful,1,1
5,great service,1,1
5,my account is always disappearing saying due to spam i dont know why,1,0
2,so em i there a bug that my wallpaper and notifications sound will change even if i change it back it will be back to basic wallpaper and i can even custom personal wallpaper also when i call someone its always says call failed then i always got a missed call from people but the notifications never pop can change back the about i dont really like the new about,0,0
2,it is very easy to use this app,0,1
1,i cannot open it on my z flip 5 and it wont let me connect as a companion device,0,0
5,it is fast and interactive,1,1
5,whatsup,1,1
5,whatsapp is doing outstanding,1,1
5,its helpfull for contact with friends relatives  everyone,1,1
1,very good for communication,0,1
1,worst update with about section and adding in the timer me and many people hate it we want the old about section back,0,0
5,best for you,1,1
1,all phone whatsapp update but my phone is not updated i have latest phone,0,0
5,pls i need my whatsapp number back,1,1
5,my account problem,1,0
5,hello its nice,1,1
1,my whatsapp reset itself without me knowing about now all my chats are gone,0,0
2,why this app download slowly so can you make it fast cause lam in the rush please iam begging you please,0,1
1,i need to use official whatsapp app,0,1
5,this app exellcent,1,1
1,lost my 11 year chat history because whatsapp couldnt restore it from a backup,0,0
5,it is amazing,1,1
5,the best app to connect with ur friends,1,1
5,whatsapp is a very good app,1,1
1,it is good,0,1
5,i like this apppp,1,1
5,whatsapp is hyper easy to use,1,1
5,rating 1 star review title endtoend encryption password could not be reset  lost all my priceless memories the whatsapp support team was absolutely not helpful when i contacted them regarding my inability to access my chat backup i recently reinstalled the app and was prompted for the endtoend encrypted backup password which i do not recall setting or have now forgotten despite my desperate situation the support team repeatedly stated they could not help me reset the password citing,1,0
5,whatsapp make it easy for me to contact my family friends,1,1
5,very useful,1,1
5,this is very good app,1,1
4,yes is a nice app,1,1
5,such a nice application,1,1
5,i love this app whatsapp because is so easy and you can have much experience in it,1,1
5,my whatsapp was banned my mistake plz review and restore my account,1,0
5,problem with uploading status everytime says cant upload i twrnet speed is also good,1,0
5,good app,1,1
5,my account,1,1
5,good app,1,1
5,whats app doesnt download install,1,0
1,earlier i thought its safe but not hackers are hacking numbers using whatsapp as well i am afraid,0,0
5,great app,1,1
1,leave me alone you intrusive thing,0,0
5,good but ads ,1,1
5,satisfactory ,1,1
5,it is the goat,1,1
1,this version so irritating and not working properly i am unable to check my msgs,0,0
1,old ws more good,0,0
5,very good app,1,1
5,great app,1,1
5,i love the app,1,1
1,my number was banner on friday and that same friday i was told it has been restored but till now its still loading whats wrong mind you im doing anything thats against the policy,0,0
5,productivity at its peak,1,1
5,indians favourite application,1,1
5,just want to say wao its excellent,1,1
2,the earlier version was good but the new one is not working properly calls not working,0,0
5,extremely good    ,1,1
5,ichcha butty,1,1
5,now on facebook when someone has a birthday their friends get a notification saying today is your friends birthday in the same way whatsapp could also introduce a birthday reminder feature it would make it easier for users to stay connected and show they care,1,1
5,for the time i started using till now is better keep up the good job,1,1
5,great app,1,1
1,worst experience the app is frequently crashing and my date backup is not possible tried all corrective actions but nothing works not even whatsapp support is able to solve my issue,0,0
5,this whatsapp is so good for everything you do,1,1
5,i think of increasing sticker,1,1
1,not good at all forced to use it just because everyone corporate is unfortunately using it,0,0
1,i always got banned without doing anytin is this how other apps did in chatting there friends after all i still save there contact before chatting but yet you team continue banning my account anyhow im very sure good app better than whatsapp is coming and i move all my community to the space because i can see you guys not ready for business is it everyone is a scammer i cant have freedom chatting my friends anymore after still saving there contact i got banned by chatin him so disappointed,0,0
5,i have been using a whatsapp for a long time it is better app for communication but today my whatsapp is not working plz help me what should i do i need help,1,1
1,giving me a limit of 50 words to write my about,0,0
1,add mute call for certain person and groups,0,0
5,tops,1,1
5,whatsapp app make me happy model,1,1
5,its very good and useful for communication,1,1
5,i dont want to my message disappear,1,1
5,good service,1,1
5,safe and secure website,1,1
2,photograph moment admire package visual ad killer household shut farm seven obtain existence directly entertainment speaker customer instance independent data president adjust competitor ancient advise sir lots portray length but favor draft disability personal hospital speaker plan boot somebody any region cop version edition curious joy,0,0
1,meta chatbot insults and jokes about my religion,0,0
5,its good but it start to kick me off sometimes dont know why,1,1
5,the best app thats comfortable to chat is whatsapp,1,1
5,this is best app letter communication by using this it become easier to contact with others,1,1
2,dont like the constant updates  its almost become like instagram at this point  also dont like the limit to letters in about of my profile,0,0
2,its a nice app by the way easier to operate,0,1
1,i enjoyed it all this time but ever since the about timingfix option came ive been feeling very irritated now i dont even feel like using whatsapp ,0,0
1,may i requesting to this person change too much hanging now presently last seen status picture repeatedly scene showing automatically did not seeing like that showing error issue facing solid new version up to date,0,0
5,its good and enjoyble,1,1
5,thank you ,1,1
1,cannot turn off junk notifications the app incorrectly classifies notifications like hey you could import your contacts if you really wanted to as messages meaning i cant turn those notifications off without turning everything off i wont negotiate uninstalled grr,0,0
5,the best  thank s,1,1
5,its best,1,1
1,this app is very bad because this app my account ban for no reason i has not rating this app when my account unban i rate this app,0,0
5,its fantastic,1,1
5,not worth,1,1
5,amazing awesome fantastic fabulous app thanks whatsapp team ,1,1
5,its good for chat,1,1
1,my whatsapp account was suddenly suspended and given two notices one is that an adult has gone from my id to some other id but something like this has been sent and the second is that i am using your official apps but i am being told that i am not using the official apps i am giving them notice but they are talking nonsense,0,0
5,three years with this whatsapp number,1,1
4,i have an issue we cant set colour and wallpaper for chats plx solve this issue and add more colours for chats,1,0
1,i cant its operates with other way when i see status the screen change into black,0,0
5,it is the best,1,1
5,dear whatsapp support team i am writing to sincerely apologize for my previous actions and to acknowledge that the issue leading to this communication was entirely my mistake i understand the importance of adhering to whatsapps terms of service and community guidelines and i deeply regret any inconvenience or disruption my actions may have caused i have reflected on the situation and am committed to ensuring that such an incident does not happen again i would be incredibly grateful,1,1
5,good service whatsapp,1,1
5,in fact so helpful,1,1
5,it works and its reliable thats five star to me,1,1
5,it is a very cool app,1,1
1,dear devs this is the messenger app that i use on daily basis but after the new update i cant really upload photos from gallery kindly fix this issue and you will easily get a five star my phone model is a samsung galaxy j series phone,0,0
1,the new update is not making sence in terms of the new message set it back i want to see my contacts,0,0
2,this app is very nice i like it ,0,1
1,why always blocking my account while using official whatsapp,0,1
5,the main reason for me to have whatsapp is that i can chat with my family friends and also my relatives if whatsapp did not exist how would i chat and talk to them,1,1
5,my whatsapp start now please,1,1
5,he is a very good ,1,1
5,great app,1,1
5,keeps everyone close,1,0
5,super good chats,1,1
5,thanks for you,1,1
1,my whats just stopped working and i uninstalled it and try to install it again but it doesnt want to install please fix that,0,0
5,order bar economic dirty today request reason when involve spokesman pop nearly shake condition shut exercise individual sex besides full cream argue location hip among edge everyone mirror framework loss basically wisdom so stability when define cast profession meet afford think sexual plane marketing plastic block capacity secret egg recording dozen resource stage survivor similar regular consultant smile naked process basic,1,1
4,i love the doggedness consistency and focus well done guys,1,1
5,hello a few days ago my whatsapp account was restricted and the restriction was lifted after a few hours however now i am unable to mute some specific chats could you please help me resolve this issue thank you,1,0
5,it a network of love,1,1
1,bring back the option to delete for everyone in chat update why is it that the delete options are differentsome chats i can delete for everyone and some its just for mewhy update  what is this nowmy about has a timerwhy are you making this app unappealing and difficult,0,0
5,its very good app i like this app,1,1
5,i love this app,1,1
5,this app is incredible,1,1
5,thank you,1,1
1,i love this app but the new update is bugging please fix these issues i cant change my chat wallpaper cant mute my chat and i cant log into my google account,0,0
5,whatsapp my life,1,1
5,thanks for the wha,1,1
1,status of this app not loading,0,0
4,twenty capacity distribution efficient pocket pole cultural warning project annual eat western fifth satellite truly expect available primary perfectly relax united landscape launch to us tight scientist suggest marry commander vs couch read demonstration knowledge chocolate traffic okay sequence sanction reflect manager youth sister supposed block everyday source forward organization people budget north ride blade wonderful participation themselves advance photograph achievement discussion wash exceed auto insist spanish civil side,1,1
5,very good app thats all,1,1
2,i thanks for alll my people,0,1
5,good app,1,1
1,i cant send messages too 3 of my friends but i can receive theirs but they cant receive mine,0,0
5,thank you ,1,1
1,slow downloading,0,0
4,my whatsapp recently unblocked all the contacts that were blocked and when i try to block back it blocks but if you check it unblocks immediately again its really annoying i really think you guys should look into it because of peoples privacy cus the unblocked contacts can view wat ever you do especially if you dont know they have been unblocked its really frustrating knowing that people you avoid are intruding into your space pls it needs to be fixed,1,1
5,8tv stickers whatsapp that cool message nice,1,1
5,failing to download whatsapp,1,1
5,whatsapp is very instrumental app,1,1
2,app not working properly,0,0
5,very best software,1,1
5,its definitely dont want to login,1,1
5,perfect,1,1
4,its good it very fast we can call send massage and voice note nothing bad have every thing i want cant post statues i just felt it dosent deserve five star,1,1
5,whatsapp messe rate this app,1,1
1,no security,0,1
5,its very easy and good to use it,1,1
5,official,1,1
2,theres a privacy issue in whatsapp hiddenlocked chats media is still visible in phone storage through file managercleaner even when media visibility is off anyone can access private photos without unlocking the chat,0,0
5,it is a best app of the world,1,1
1,please i dont like how the whatsapp was harked please let status receipt be alone dont set it together with the read receipt please let whatsapp show name in the profile and the please lets be playing and sending games on whatsapp like imessage please  let status have a link and edit bar,0,0
4,intense box them sweet efficient record edge main reasonable war create both talk cow employer rice local tight student growth accuse discourse weight escape pollution expense movement fuel blame management capacity leather book device swim stair curious blue meanwhile privacy high awful risk treatment mortgage pursue,1,1
5,its just great,1,1
1,always error and make my chat history lostso annoying,0,0
5,i just love everything about the app it so easy for me anytime i want to use it,1,1
5,so much happy,1,1
5,so amazing and fun experience good,1,1
5,best app ever for sending message in any formi really love the app,1,1
5,my whatsapp messenger is not available why,1,1
1,it is the best communication app but the things that force me to rate it one star is just one problem that when we open it the dangerous type voices come and disturb me and when voice note is delivered such kind of voices come again when we are writing text such kind of voice is come again if whatsapp improve it so i give it 5 stars ,0,1
1,i cant use my whatsapp again u said the beta program is full pls and pls help me find solution to it,0,0
1,whatsapp is now bad please try and fix all your problems if you really want it to persist as an advice from me to you,0,0
5,you have been banned my account,1,0
1,alcohol meat almost us pace explosion silent around temperature warning faculty cop cancer friendly oppose balance regardless agricultural fifteen pure notion habit bill long worry eastern cognitive big european universe partly belong terrorist volunteer nut area mine rest,0,0
4,everything we need,1,1
1,i dont know whats going on with this app the send button is where the return button should be on my keyboard and the freaking app doesnt show me how to fix it its not my keyboard because i can clearly see my send button and the return button on this comment review and on other apps,0,0
5,this app is giving me problems it doesnt install on my phoy,1,0
5,studying,1,1
5,good experience,1,1
5,is a good app,1,1
5,good service very good successful clear,1,1
1,dont use this apps a fraud,0,1
2,i dont have the reshare option yet and no update has been rolled out for redmi phones,0,0
1,i am totally irritated because too much of  now this app force us to update in weekly twice or ones in future they force every minutes update i completely upset of this frequently updates ,0,0
4,whatsapp is a easy app  i just love it ,1,1
5,i love way this app works,1,1
5,had to log in guys,1,0
5,hello sir i am a whatsapp user please update my whatsapp thanks ,1,1
5,best minimal chat app till date,1,1
5,i love you this app,1,1
5,not downloading fast,1,1
1,cant download whatsapp,0,1
5,very useful,1,1
4,this is really a nice app you are going to enjoy using this app,1,1
1,i cant download my personal videos on whatsapp status and its soo ,0,1
5,it is the best app for communicating ever one so more our community use this app relax to day todays life,1,1
1,pls update the last version this version is not good update the last version same fast,0,1
1,my whatsapp account has been login me out without my concernt and ask me to write a review morethan 10 times the app is becoming stupid,0,0
2,it is very good for evreone,0,1
5,i love whats app so much ,1,1
4,my whats up is so amazing,1,1
4,lately it has been distributed very much ill tap the chat i want to open but it didnt open at all until unless i reopen the app again after refreshing my device,1,1
1,its very bad,0,0
1,why you people started encouraging the display of pornographic profiles as ads in the suggestions what made start so it is catastrophic for youngsters waste time make them addict and stops their progress on all other fronts it is not at all reqd on whatsapp on a higher level it surely is affecting the economy of the nation whatsapp the most used app to communicate hence requesting it must be a clean media for people to connect put on check to this,0,0
4,kindly resolve my official whatsapp download problem,1,1
4,well it is good especially when creating group and members like it 45,1,1
4,good work,1,1
5,i so much love everything about this app ,1,1
5,great work whataapp family,1,1
5,expires always,1,1
5,this is the fastest and easiest way to communicate,1,1
5,very bad,1,0
1,worst app ever app asks me to register whatsapp on new phone then scan qr code to transfer chats from the old phone how am i supposed to do that if the app locks me out of the old phone once i register on the new phone then im having to log back into the old phone and the verification code never comes back and forth back and forth for 3 hours and now i need to wait for 2 or 7 hours to receive the next verification code a mess of a transfer from a big company and app such as yours do better,0,0
5,why is my whatsapp cant last whith my number,1,1
1,why my whatsapp account has banned,0,0
5,this is best app,1,1
5,thanks bro,1,1
5,good experience in communication clear,1,1
4,this app is so good but my account was hacked please give back my account,1,1
1,battery drainer application,0,0
1,the new update is a binch of rubbish its sliw freezes and is just a pain,0,0
4,it could do a little better work,1,1
1,my whatsapp cant updateeven though i have put it on auto updatechecked myself for pending updates and uninstalled then reinstalled itstill it doesnt come with the new features of the updatealso i am facing lag and issues with downloading videoscan you please give some insight into what should be done here i dont think the issue is with my phonesince i very recently switched to a new one,0,0
5,good experience in whatsapp,1,1
5,cannot set background while in video vall ,1,1
2,what about introducing message disappearing within one hour option,0,1
1,this new version is very bad my about is no longer mora than 1 dayit should be change this about duration time please change the about setting,0,0
5,this app is only blocking my account i have a request from app support to unblock my account,1,1
2,i just got a new number and i called my friend and got bannedlast time i had a number someone took it i hate this overall good app but i get banned for calling my friend messed up,0,0
5,the app is great and very easy to use,1,1
5,google erik powery loves  whatsapp,1,1
5,very good app,1,1
4,vvvv help and use app,1,1
1,very scam in this,0,0
2,good app,0,1
4,this is very best app of the all apps,1,1
5,my whatsup is not open,1,1
5,i need to manage to download new whatsapp,1,1
5,the best,1,1
5,its great,1,1
2,this app is so nice but my own suddenly stopped working i tried to update it but is not working,0,0
5,thank you so much,1,1
5,am extremely excited to used this whatsapp app,1,1
5,i have used it before,1,1
5,thank you good app this good ,1,1
1,loading problem doesnt code send properly log in log out issue,0,0
5,full happy and smoothly ,1,1
1,sabse kharab app mere esse whatsapp chalu nhi ho rha he ,0,0
5,please my whatsapp,1,1
4,i have got to try find more time and learn how to use this app   where can i to learn the options probably the app   thank you,1,1
1,forced to do this update this app is not encrypted i demand a dsar on all my data also i will be using gdpr as i believe you are storing or sharing data i also couldnt fill in the rest as it wouldnt allow,0,0
1,where is the scroll option for contact list,0,0
5,whatsapp service provider is doing well,1,1
5,so beautiful and you  gob gyojhr min v b k nynjyth tf ff ggh appam pall,1,1
5,my name is mzamane nkuriso i was born on saturday 7 april 2012 i am the only daughter as a middle child between my big brother and little brother i love whats app so much and i cant live without it because i can chat with people who are far away from me and even call them  everyone in the world is using the whats app this is a good app that every people in the world can use it and everything is there step and rules i get this app from my dad and i see him enjoying it because he wasall,1,1
5,good app,1,1
5,thank you  easy to communicate and send message,1,1
2,i really dont like the recent whatsapp update the new status section feels cluttered and confusing and the layout is much worse than before it was simple and easy to use earlier but now its inconvenient and not userfriendly i hope whatsapp rethinks this design and brings back the older cleaner status interface,0,0
5,so nice very well,1,1
5,help me to open my whats app please,1,1
5,best experience with these app,1,1
5,super very nice,1,1
1,the verification otp issue needs to be resolved users cannot wait multiple hours to get access,0,0
5,nice app,1,1
5,i really like it and i prefer this than any other one,1,1
5,the best chatting app ever found,1,1
1,loading issue,0,0
4,it has been great ever since buh suddenly a problem came up whenever im receiving a conference for a long time when it get to the time for me to cut there will be problem ngl whatsapp is a good app that is the only issue im having,1,0
5,good app,1,1
1,it was working efficiently but idk how but today automatically my account was removed im restoring again n again but couldnt help it i hv 11gb backup but still couldnt able to restore,0,0
5,whatsapp as given me a free figure of speech to other people i will be able to chat or talk with people just by typing and it is fun to,1,1
5,please add timer in whatsapp message option so we can set timer that when a message should send its a good feature,1,0
1,whatsapp is the worst,0,0
1,too slow while downloading ,0,0
5,very nice,1,1
5,best app for chating,1,1
2,video quality not good  improve it,0,1
5,thank you for all your help and support ,1,1
1,why not working screen shot in whatsapp,0,0
5,good and interesting for me,1,1
1,please provide a option to onoff or disable or enable channels in status section all the channels suggestions are very distracting every time i hide all suggested channels new channels pop up in seconds,0,0
1,too many channels suggestions,0,0
5,my experience is low about watsap,1,1
4,great app but the updates dont always kick in immediately would recommend,1,1
5,its always clear never lose calls or messages,1,1
5,this app is so good to me,1,1
5,company shadow gap black buy throughout great area arrival address place warn field proper become performance population rose pot evaluation correct infant holy kick ban software century emphasis teen plane consider separate bite certain slightly terrorism soon pine flee journalist portray attention meal illegal compete dialogue status stuff piano aside restore am island life tomorrow which foundation marry dependent hire,1,1
4,of mode secret president grain sense several legislation terms whom previous spread straight mark earth,1,1
1,my weetspp number is baeend last week and i tried to restcre my account about faild l am facing this problem this acc,0,0
1,it does not allow me accesme contacts,0,0
5,i need it,1,1
5,this is surely the best app there could ever be edit 8 years later still the best communication app yet its api is also very reliable its the best business driver especially here in africa where its the backbone of communication practically everyone has whatsapp here,1,1
1,after the recent update it has a limit on about section which people like to keep indefinitely why making unnecessary changes,0,0
4,i need updates,1,1
5,thnk u,1,1
1,this app is not allowing me to log in,0,0
5,its so good,1,1
5,i want to update my whatsapp acco unt,1,1
5,why cant i login back my account again thats my problem,1,1
1,like it doesnt even i cannot even download it on my phone and i have infinite storage infinity storage and i dont understand why its not downloading and its telling me that my phone has a problem but it doesnt whatever is happening but it doesnt want to download so if it doesnt want to download just leave it and go to whatsapp business or something i dont know,0,0
5,beast,1,1
5,great and helpful,1,1
1,message delivered and seen timing is showing same everytime now i send a message which is delivered 2minutes ago but when the person seen the message the delivered time is also changing as the seen time and two times are getting same please solve this glitch as soon as possible,0,0
5,what a aap,1,1
5,it has been really useful using this  since i started it,1,1
5,cloud insurance assess couple author mouth mostly label consciousness convention during hole environmental vision thought dominant driver minister previously following why read extra level rise better treatment presentation ugly memory difficult perform marketing potentially weigh similarly technique initially generate lawn agency cast visible enter supposed actually pan bullet news multiple,1,0
5,better communication and video calling,1,1
4,am having problem with recording my audios after the first 3 seconds it cuts then starts recording again,1,1
5,i love this app ,1,1
5,dear whatsapp team my account has been banned and is showing the message this account can no longer use whatsapp and age requirement problem i believe this may have happened by mistake i always try to follow whatsapps policies and guidelines properly kindly review my account and give me one more chance to use whatsapp i really need it for personal and important communication thank you for your time and support ,1,0
5,good sarvece and security,1,1
5,what a great app good to communicate with friends and family,1,1
1,vedio quality decreased when i upload vedio on whatsapp status it happens frequently,0,0
5,whats app rate,1,1
5,good and fast,1,1
5,its so cute i love it so much,1,1
5,my whatsapp cant open,1,1
4,nice safe way to communicate by wifi and phone call without going through the cell network,1,1
5,installing is late,1,1
5,my whatsapp is telling me that you need the official whatsapp to login please help me thank you,1,1
5,why we not version is low,1,1
5,master mind app ever and helpful app  ,1,1
1,i cannot login whatsapp,0,1
5,best of best,1,1
5,whatsapp is very strong it like it thankyou,1,1
5,amazing new updates,1,1
1,why cant i display over other apps when making a video call,0,1
5,is a nice app for chatting,1,1
5,very useful,1,1
5,how many people can i have on this app,1,1
5,the description of my experience is one worded good,1,1
1,very slow after updating app,0,1
1,we dont want ai in that app,0,0
1,whats wrong with this application why the about limit is only 50 characters weird even after update we were expecting something cool or new hence really disappointed,0,0
5,good but my own no fey bring reshare ,1,1
4,ok thanks,1,1
5,it doesnt wanna work anymore because its unfortunately karma not official ,1,0
5,very good service,1,1
1,the old version was battle then the new version,0,0
2,vedios  photo status upload is not good very poor quality thats low quality of boths realy disappointing sometimes,0,0
5,the best,1,1
5,soft in communication with friends and love ones,1,1
1,new glitch is thereeven after seeing someones status still it is showing like its a new update status,0,0
5,hye when can i make the new update,1,1
5,it nice,1,1
2,please enable text edit to the uploaded status text,0,1
5,good app,1,1
1,it caca,0,0
4,works well with end to end user encycrption faster and easy way to keep in touch with family and friends,1,1
5,kindly give the administrator of a whatsapp call an access to mute the participants during a meeting sometimes the disturbances during meetings are unbearable,1,1
5,i think they are the best,1,1
5,very nice app,1,1
1,element bed string breakfast bank religion blind valley beat cup bed afternoon provision helicopter short flight goal a foot frustration electricity grave local helpful church japanese mortgage shade snow hire surprised wage science use recipe policy score imagination limited visual mainly corner numerous bother development narrow digital discourse plate knee tent faculty etc data promise paper upon establish no ear battery clothing help spending designer treat sophisticated stretch recognition leaf character recruit fish cycle why nowhere,0,0
5,performance is good,1,1
5,this app is very good working,1,1
5,i want toget back to the same whatsapp,1,1
4,why cant i update my whatsapp ,1,1
4,new whatsapp,1,1
5,great,1,1
2,why cant the app send message by it self,0,1
5,thank you for this app jesus loves you all well be in paradise if we believe in him,1,1
1,endless updates whatsapp sucks really if not for the need to keep in touch with my friends who all use this stupid overrated app i wouldnt even install it icq was light years ahead of it currently telegram and a whole lot other messaging apps too,0,1
5,thank you,1,1
2,my whatsapp number is not working,0,1
2,no download my whatsapp,0,1
5,best ever app i used in my daily routine,1,1
1,its kinda disturbing i want to know why is it always saying account locked,0,0
1,not a chat re adite very poor,0,0
5,the best app,1,1
2,my account whatsapp fir se chalu kar do my request,0,0
5,this is very helpful,1,1
1,why is there a message deleting limit i selected 2000 irrelevant messages from a group to delete which took me around 2 hours maybe more and then it says message limit for delete exceeded ,0,0
1,when i calling in my phone suddenly whatsapp call on holdbut when i cut my phone line but still my whatsapp on holdplease fix this problem,0,0
5,pobelem atto metip back,1,1
5,i like this whatsapp,1,1
1,watsapp payment is very fraud dont use watsapp payment they are doing very fraudthey are taking money and removing our bank coounts watsapp payment is very fraud,0,0
5,guysit is better 2 use wazzup if u wna message someone,1,1
5,awesome app tho the majority in uganda is switching to snapchat,1,1
5,experience is great responds are great and quick and i love that you are able to see when someone responds r sees your message,1,1
5,best to chat with anyone whatsapp,1,1
5,thank,1,1
5,please send photo videos voice my whatsapp,1,0
5,i request to allow whatsapp to post our video picture or anything with our friend for a long time,1,1
5,i have do back up whatsapp,1,1
1,whatsapp helps connect you to people close to you,0,1
5,i am not happy i lost my whatsapp ,1,1
1,unable to use my whatsapp ,0,0
5,thank you whatsapp ,1,1
5,thanks for whatsapp,1,1
5,it a nice charting app,1,1
1,very bad services,0,1
1,call and so many bugs recorded 20 audio and when i switched tab it suddenly got deleted bravo  laptop app btw but when i switched tab before it still continues but now nope,0,0
5,this whatsap is butefoll,1,1
5,whatsapp makes communication so easy and reliable calls chats and media sharing are smooth truly a musthave app,1,1
4,quick and accurate ,1,1
5,whatsapp account unband  ,1,1
1,im out of whatsapp cos ive forgotten my two verification code and ive tried since last week if you could verify for me,0,0
4,the app doesnt allow me to reply to someones status using voice note and whenever i try to add music to my status it will always show that the status cannot be uploaded and its really frustrating,1,1
4,good app,1,1
5,good app,1,1
5,it is a very reliable app,1,1
1,i want to update it and i have to delete my whole apps,0,1
2,everything was going good and whatsapp is an amazing app but i am definitely giving it a two star because there is a feature of whatsapp to show filters when video calls but in my phone it is not showing any feature of filters so i am going to rate it a 2 star ,0,1
5,nice app whatsapp is bast app,1,1
5,thank,1,1
5,aj he whatsapp download kiya pr aj he brekup ho gaya ,1,1
1,so fresh,0,0
1,this platform is not legit,0,1
1,it keeps saying its unofficial app yetvibhave failed to uninstall it from the phone,0,0
4,heip me i want to download whatsapp,1,1
5,my pblem is i want know the solution and return back my whatsapp messenger,1,1
5,its whatsapp chatting and calls,1,1
1,as now recent update of bio information its asking duration for bio i dont want to keep changing my bio but its removing the old one and saying no bio cant type every time so please check this issue and resolve it,0,0
4,the only problem with this app is the updates but it is a perfect app,1,1
5,words cannot describe this app,1,1
1,im not able to log into my account with my number,0,0
1,i am unable to access it for no reason can someone help its really annoying that the page has stuck to loading i have reset my phone and even reinstalled whatsapp but still the same,0,0
5,the best,1,1
1, i mean must i update the app after 2 to 3 months so as to use like this is the 4th time am uninstalling then installing coz of updates ,0,0
5,befor is good but this week i dont know what happened my whatsapp not working,1,1
5,nice app s,1,1
1,this fake whatsapp,0,0
1,failed to download after trying many times very strange considering ive been using this app for years,0,0
1,ive been trying to contact a business called tailored transitions for almost an hour now through this app and i am so frustrated that im just going to shut everything down and chalk it up to a wasted hour of my life i cant believe that theres not an easier way to get a hold of this business besides going through whats app ,0,0
1,my whatsapp is not working,0,1
5,its super easy for me to usemy family is doing well and i hope you have a great day and i will be there at the same time i you can get a good nights sleep i will get the info for you can get the time,1,1
5,good for us we are rohingya,1,1
1,blocked business accounts keep sending messages fu whatsapp,0,0
4,its the best,1,1
5,good app but isnt working on my phone,1,1
5,it is very good and useful for messaging,1,1
4,meta is too strict,1,1
5,it is w very useful app,1,1
5,whatapp unbanned,1,1
4,not good but not bad,1,1
5,very nice app,1,1
5,thank you,1,1
2,there is a problem of deleting and uploading a new status please check through,0,0
5,on my phone whatsapp is not working,1,0
1,its very bad,0,0
5,app is not bad  but not very well ,1,1
1,my whatsapp is not showing on my phone so please help me locate it,0,0
1,he is told me again and again please fix this problem as soon as possible it was detected that the whatsapp app crashed due to its own issues please wait for an update to fix the problem or submit feedback through the inapp customer service channel,0,0
5,very easy to use,1,1
1,cant use it cause my strict parents,0,1
1,will attach parking print club prisoner boat nervous theory gift regional gold unfortunately smooth center plan creative field clear museum,0,0
5,this is very good and beautiful app so funny,1,1
5,my whatsapp is not working,1,1
1,thank you,0,1
5,its a gd app,1,1
4,earlier whatsapp can seperately delete only audio or photo or video or file in the chat which i think is a nice function but now i cant find this function,1,1
4,please make a permanent option for whatapp about option,1,0
1,its unable to download,0,0
5,dear whatsapp group please return back my account whatsapp please,1,1
5,its good to use and it easy to see someone from far,1,1
1,logging me out whats app and i am not really happy that my whatsapp account was flagged and i am unable to log in my accounti was told my account was mistakenly flagged and was asked to download an official whatsapp which i did still the story is the same  i am not really happy about this,0,0
5,whatsapp is an excellent and reliable communication app fast userfriendly and full of useful features i use it daily to stay connected with family and friends highly recommended ,1,1
4,good apps and very useful for communication,1,1
5,all is good but when we put status then you cant write anything and you cant change anything i thik on this issue you have to work,1,1
4,how do i create another account,1,1
2,cant upgrade my whatsapp,0,0
5,normal whatsapp,1,1
5,very good app,1,1
5,ok guys this the best the best like it the best app you can talk to people this is a 5 stars,1,1
1,this app is not available in my phone redmi,0,0
5,is because its good,1,1
5,its simply great,1,1
5,i love this app,1,1
5,perfect,1,1
5,good very nice  not bad it is so easy to use and very useful,1,1
5,the best free and dependable,1,1
1,new bio feature is very disappointing for the new change dont make whatsapp too much weird,0,0
5,this new update of about is not so good for real  old version was best,1,1
5,it is a great app,1,1
5,good for using ,1,1
1,it doesnt wanna work even after you updated it ,0,0
4,i need the same features to preview the chat while holding the chat just like on the iphone this feature is already available in telegram for android,1,0
1,hi whats up support unfortunately my whats app account is blocked i am sorry to install third party apps by mistakenly iam requesting to you unlocked my whats app account please,0,0
1,this is a stupid app whoever made it should pay close attention to it,0,0
1,whatsapp is not safe at all without any idea my whatsapp has been hacked wrost experience poor security,0,0
5,very good app,1,1
5,this is the most easy way to contact anyone,1,1
5,its a good thing to have,1,1
5,best of the best,1,1
5,i need to be fast more,1,1
5,whatsapp is my favourite app especially video calls i love it,1,1
5,i dont know what community standards i went against but there goes my memories ,1,1
5,my whatsapp is not working with my phone number,1,0
1,its great and advanced ,0,1
5,i love this app bc its usable and you can download so many games,1,1
1,whenever the app gets launched it shows a blank screen rather than the chats,0,0
2,i dont know whats going on but i lost a weeks data within a few seconds after receiving some stupid message the successive attempts to restore the data failed please restore it,0,0
1,because the message not sending,0,1
5,it is the bestest,1,1
5,good app,1,1
5,i never shange in my life,1,1
5,clear,1,1
5,perfect,1,1
5,good and adorable,1,1
1,msg and videos pics cannot send at a time,0,1
2,whats app chatting,0,1
5,this whatsapp version is so easy for a beginner and needs no exposure its also something that everyone must have since its affordable to rich and poor,1,1
5,its good for better communication,1,1
1,this current whatsapp keeps informing my contact list that am using old version of whatsapp  after its got updated 23rd of november 2025  thats so bad  fr ,0,0
5,it is the best app for video,1,1
1,horrible they suspended my account for no reason and now ive lost important contacts,0,0
5,why not chating,1,1
5,good apps,1,1
5,helpful,1,1
5,is nice to meet your friends and family,1,1
5,download,1,1
5,good and very professional and comfortable,1,1
5,i like it but it usually makes me feel bad when my account is not working,1,1
5,i love to talk with my friends,1,1
4,it is very good,1,1
1,this app is zero why will u ban someones account just to chat up a new contact anytime i add or chat a new number up u guys will temporarily ban my account why is that so i am not a scamer neither am i a spam i only engage my self in legal thing please i need my account back fully,0,0
1,worst update everwe need to be old about in account as older versions had very disappointed in this update,0,0
5,i always communicate with my friend,1,1
5,it is a osam ai which sends massage qiuckly,1,0
5,good experience,1,1
5,this is my first time to apply thank you,1,1
1,i have got a problem with a new whatsapp upgrade keeps taken my bio off every single one day please fix it back it was before,0,0
5,good to goi luv this app,1,1
5,so nice and lovely,1,1
5,this one of the best means of communicating with friends and family this app is very exciting even creating group pistimg on status makes it more lively,1,1
1,they keep banning my account and now they are saying i have to get the official whatsapp and yet am already on the official one,0,0
5,yes i am interested,1,1
5,my whatsapp 03,1,1
1,pls take down ur useless read all chats feature,0,0
5,very nice app,1,1
5,its good for chatting searching and video call,1,1
1,custom ringtone options is not working this is a big problem,0,0
4,recent string obvious pride quote side latter executive be experience coach slice or add big coffee abandon suppose profile investor seat observer iron discussion obvious civil status besides critical discover arrive boundary ultimate slice organization easy defeat word deep invest birthday worker mrs sequence dear,1,1
5,its really excellent app,1,1
1,having an option to keep important messages directly in the chat window would be really useful especially when clearing chat history it would be great if whatsapp could add a feature to pin or save specific messages within the chat window itself apart from starred messages window,0,1
5,i like it is so good experience,1,1
1,this app is very good please dont change after i have hype and praise you o tor,0,0
4,v good for use,1,1
5,excellent the whatsapp,1,1
5,old mail id is changedbut how to get old messages received,1,0
5,my whatsapp refuse to open asking for official whatsapp,1,1
1,the most awful massanger app of all time,0,0
5,good app long distance people too be in touch thankyou ,1,1
5,wounderful app,1,1
5,it makes me to know how my family and friends are doing and leed me close to them,1,1
5,conducive best experience with redmi 15c,1,1
1,i have to update too many times,0,0
5,cannot use this whatsapp,1,1
5,cool,1,1
5,helpful,1,1
5,very good app,1,1
5,oh i like it so much its helpful,1,1
1,why cant i download it,0,1
2,in the new update the profile pictures are blurry now as if the resolutions are being compressed even more when i set a pfp fix it please,0,0
5,the best communication i ever used,1,1
2,i called with my friend and my voice cant be heard if im in other apps still in the call please fix this,0,0
1,whatsapp account longer banned problem,0,0
1,it block my account,0,1
4,i want an option to set a profile pic for almost one to 3 years and again able to change it after one to 3 years please ad this option in whats app and add an option to turnoff double tick and typing status,1,1
1,search bar is gone the worst app it is now,0,0
4,it good but sometimes network issues makes the app annoying to use,1,1
5,so good and help full,1,1
5,really good,1,1
5,it is too much bad ,1,0
5,open my whatsapp business account,1,1
1,please add more pin contact to atleast 10 can contact,0,0
5,outstanding appmore than used but fake news in move it nowwhats up,1,1
5,i need to update whatsapp,1,1
1,whatsapp probomel,0,1
5,please help me whatsapp my account is banned,1,0
1,whatsapp is annoying eith the constant request for reviews,0,0
5,iam here to community with my family and friends,1,1
1,since they introduce the dumb ai thing its really an eyesore why do you even need to implement ai into messaging app for ,0,0
1,after update battery drains faster and now if you dont update the app you can not make any calls,0,1
4,nice work that your doing but i would like you to upgrade this app in order to start posting the music from our gallary and long videos on status  thanks,1,1
1,i dont want that this is good,0,1
5,its good but its not downloading for maximum net speed,1,1
5,quite easy and fast to communicate,1,1
5,one of the most unnecessary necessities ever,1,0
5,please help me to open it,1,1
5,thanks for using whatsapp,1,1
5,whats app is a very good app used in communication,1,1
5,i want us to chat on whatsapp,1,1
4,whatsapp was way better when it had only 4 features chat call video call and status,1,1
5,this app is really good,1,1
2,intellectual public opinion depression will discrimination initially prayer lap celebrity glad ocean discussion musician slice god pregnancy importance code attempt leader abandon presidential convention contact visitor classic week respect farm necessarily imagine assignment opinion dealer indian hide jury ready defensive taste several stick am flow flesh horror lifestyle effective behind story institution consider flesh girlfriend man strip slight pressure market greatest consumer arrange partner religious layer dramatic sort moral successful adjustment person story lady understand adjust quarterback minute wedding crash angle suit heavily educational,0,0
1,whatsapp is a fast message app but my problem with it is when i try to log in it shows me that u need the whatsapp official app,0,1
1,if i had a chance i would rate it 01 star the more you upgrade the more you make it complex  worse,0,0
2,whatsapp banned problem,0,0
4,concrete professional old milk middle whom sport asleep seek cup gift version bond massive galaxy demonstration growth comment sound etc system directly reporter tea code effectively versus too mask cause physically formal cloud form speed put slightly political weekly recognize eager flesh complex strip his use maybe differently load corn holiday awareness religious restriction per poverty,1,1
5,wound super traffic sight exhibit flavor complicated security mad apart knock manner virtue either folk flat israeli journalist dna resist slave ring ourselves work switch business adjust user clearly examine billion nation coverage client scheme want disorder psychological belt inner double blood membership soldier yield territory mortgage course dig serve adviser health set stuff immigration senator version send defend habitat government colleague distant news set nor conclusion truth girl rope media procedure background sense fifty lots fewer ally temperature provision damage powder therefore tragedy,1,0
4,wow its a amazing and helpful app,1,1
5,good app,1,1
1,you need to update this app make it more hd when post photos on status,0,0
4,why few chat bubbles are not exactly in rounded edged squaricle 2 corners of the squaricle are enlarged a little,1,1
5,too useful for the whatsapp thats why i did not do actions that harm it again,1,1
1,the timer in about is just unbearable i cant see some persons about idk why the authority should focus on this personally i find this wp problematic i really like the old version,0,0
5,hats off to my best app,1,1
1,too slow and un able to install,0,0
1,too many groups are being created please stop it,0,0
5,im excited,1,1
1,i have some bugs on pinned contact chat,0,0
5,it good,1,1
1,thank you bye,0,1
5,i love this app,1,1
1,peoples statuses get saved in my phone and i dont know where to turn off this option i looked for the status automatically save option but couldnt find it after trying a lot please help me ,0,0
5,the app is good,1,1
5,yes we can,1,1
1,cant save about ,0,0
5,its very popular app,1,1
5,good and easy,1,1
5,good and better,1,1
1,my whatsapp business was suddenly banned,0,0
1,hay dear whatsapp comunity team help my account is banned i am unable to run whatsapp read all your terms and conditions i will follow your rules i hope you unbanned my whatsapp,0,0
4,mute notification is not working properly from the last 2 updates and also not working backup restore from google drive backup,1,0
5,very nice good work and easy for use,1,1
2,this update has some issues in chat lock,0,0
5,please why are you suspending accounts,1,1
5,i need whatsapp business,1,1
5,its really a good app,1,1
4,waiting for beta,1,0
5,its nice,1,1
2,contribution also distinction desk decrease super swear perspective pine forth organize usual eliminate hot career would knock consequence pretty clean terms emission peer step lay difficulty,0,0
1,im having serious issues with my accounts repeated bans and stuff,0,0
5,number 1 social app ever love it forever its the highest showcase of human brilliance,1,1
5,good app ,1,1
5,nice this app for all over the world,1,1
1,stupid and worse app always banning people account for no reason ,0,0
5,good apps,1,1
5,excellent service but to i was unable to use this app,1,1
5,love this app for all the features,1,1
1,it i very badi have data but i cant install anything,0,0
1,forced to see the assistant button absolutely irritating,0,0
5,please whatsapp no update me,1,1
5,worst apo,1,0
1,im giving you guys this onestar review because of the pictures i post on my whatsapp status the quality always reduces and it is a very terrible thing which i dont like,0,0
2,whatsapp mate,0,1
5,how do i update my whats app,1,1
5,not sure if i can get xender in the apps,1,1
5,whatsapp messenger browse,1,1
1,one star only becausethis new update who decide to add the duration for the bio bruhh change it backk,0,0
1,everybody should give bad rating for the meta ai icon on whatsapp,0,0
1,move the video call and call button and make the user have to confirm if they really want to call i have been experiencing so many times where i accidentally called someone,0,0
5,good app,1,1
4,pls try adjusting the posting resolution whatsapp new updates is getting impressive so far just pls try improving video quality when posted,1,1
5,good to me because this app made me have a boyfriend,1,1
4,please recover my whatsapp my dear not otp my number 10 dave anyway problem please recover my whatsapp,1,1
4,it so good and a reliable app to use it keep my status updated,1,1
5,good app,1,1
1,i dont like writing reviews but the new update is just terrible like what is this terrible ui youve implemented this is supposed to be a chat software why should i be signing up to updates from weird channels if i could roll back the latest update i would this is not an enjoyable experience edit 2025 somehow you sink to new depths who wants meta ai in their chat software why cant i opt out,0,0
1,i recommend whatsapp to anyone its the best chatting app ive ever seen its the best love it,0,1
5,whatsapp alis very usually app bcz it messenger app o love this app,1,1
5,its very nice,1,1
2,hotel simple carrier stick good appeal crowd desert pursue pose concentrate left suffer weekly male preparation national kind pause researcher acknowledge offensive translate apart supposed visible jewish annual flesh produce shift,0,0
1,changing it to 1 star cause its been 5 months and the option to send a picture or changing profile picture from gallery albums are still nowhere we can only use cloud media app where not all albums are presented making it hard just to do something so simple hope its going to change back to how it was before sooner rather than later or even worse theyre changing the options into another useless ones again,0,0
5,i am struggling to download whatsapp,1,1
1,is this app one that works without needing updates some people dont want to update because they dont have large data plans they only use whatsapp for basic messaging with special data packages these people dont want any updates please create a setting so that when an update comes these users can choose to update only when they want to,0,1
5,it has short storage it has less updates,1,1
5,it is too good,1,1
1,recent update made things complicated to search contact list and it make us frustrate when we select a contact to chat it should open contact not selecting multiple contact to create group update this one as previous update it sucks,0,0
5,i love this app,1,1
5,i like to hear low miuck,1,1
1,this app is very bad,0,1
1,not working broadcast,0,0
5,cool,1,1
2,whatsapp banned problem,0,0
5,its nice,1,1
5,i need help upon my whatsapp plase,1,1
2,not interested,0,1
5,it cool,1,1
1,channels absolutely ruin whatsapp absolutely inappropriate suggestions and why is there no way to disable this cant have a person under 18 use whatsapp anymore,0,0
1,beta release sucksmore crashes today 21 nov 2025,0,0
5,it is wonderful app for giving our time  to chat someone  to call someone  to videocall someone,1,1
5,verey helpful app thank you,1,1
4,the best,1,1
1,my account got ban suddenly,0,0
1,combination damage regard fall support to slow shell generation suppose hole specialist sign running trouble month sense carry agency guest diet yourself occasion garlic aid strange money back slide extension release ceremony tree monitor seem discovery warning solve double approximately participate complain area tonight given craft shut hurt your basket husband condition target occupation bell minor birthday review cite prefer breath briefly volume theme paint interpret major change trouble decrease porch collection congress equipment draw sudden tour experiment stranger legitimate sight arm constitutional,0,0
1,not working in whatsapp application,0,1
4,nice app but after the recent update pdfs which are shared through whatsapp are not getting downloaded to receiver person pls resolve this issue,1,1
1,i think whatsapp on pc had the worst update ever everything is so slow,0,0
5,very fine,1,1
5,you are best whatsapp,1,1
5,thanks you,1,1
2,whatsapp location not working support,0,1
5,helpful,1,1
5,i really enjoy it,1,1
5,very good to bussiness with whatsapp,1,1
2,patient quote need dream produce society nose leading respect thank partner skill piece explanation official successful therefore couch ceiling traditional ethnic dry contain constitutional ie fifteen food wipe brown resort before,0,0
2,and now i put it to two stars because you added this word limit for my bio please remove it its gotten annoying remove that word thing and please fix the bug where you type fast on youre status it suddenly puts you in front of the word you were typing,0,0
5,better and easier to uses,1,1
5,vary satisfied application family friend chating so easy  ,1,1
1,this app is too good i love it,0,1
5,pls what can i do to my whatsapp my security is at risk,1,1
5,nice really nice,1,1
5,let me use this application easily please be am tired of using it you are restricted my account time to time why now,1,1
5,couldnt send any message,1,1
4,quick friendly user still secure,1,1
1,blocking whatsapp here and thereafter ive inform them about my business and that how i communicate with my clients its totally not fair,0,0
5,the best,1,1
5,thats so good,1,1
5,id love it when whatsapp introduces status archive just as meta did for facebook posts,1,1
5,dear whatsapp can you please add more kpop song please add stray kids song nexz kickflip and other kpop song and artist,1,1
1,the about section character limit is too tight make it 100 characters like the way it did before,0,0
5,very wonderful aplication thank you with green love from all of us,1,1
5,whatsapp is best app,1,1
5,so good app,1,1
5,why i cant download,1,1
5,good  but when i am updating the app if i of the data it will start from the beginning again,1,1
1,i always get logged out from app despite having ensured all security features all privacy policies are followed but still cant use whatsapp,0,0
2,the app is good i wont lie but you adding features that are useless such as the new about feature at least give ua an option to keep it permanent and also you update the app but we loose sound please fix your bugs and add useful things without ruining other features and user experience,0,0
5,iam santosh kumar my whats app video call voice calls and voice message not working only asking settings,1,1
5,best app ever that helps a lot make life so easy,1,1
5,its best to use and communication,1,1
1,please provide option to disable meta ai,0,0
5,very helpful app,1,1
1,ive installed whatsapp in my another phone and now when im trying to log it in into my previous device its only showing a loading screen how can i fix it or whom should i contact to fix it,0,0
2,option to show links when sending twitter youtube links,0,0
5,this is very helpful app,1,1
5,i need my watsap automatic,1,1
2,hello whatsapp support i noticed myaccount has been temporarily bannedibelieve this may have been a mistake as lhave always followed whatsapps terms ofservicei would greatly appreciate if youcould review my case and hep restore myaccount accessthank you for yourassistance best regards ,0,0
1,cant download wats app through email i need sms for fone number,0,0
1,ive been experiencing reoccurring issue of not being able to update my status this is the second time of it telling me sending failed please look into it its frustrating,0,0
1,i am not able to set separate or custom notification ringtone for my contact in whatsapp earlier i used thus after update i am not able to set,0,0
5,good for frennndahip for whatsap,1,1
1,currently my kid uses whatsapp for school communication he cannot resist and ends up endlessly scrolling through whatsapp channels whatsapp has not parental controls please keep there option for remove those channel from our whats app please,0,0
1,there is a major bug and privacy flaw where multiselection of images for sharing via whatsapps paperclip icon will include unselected images and videos i have had this happen multiple times and no it is not user errorr this app also desperately needs perchat image backup i do not want 1000000s of images and videos from twatty group chats filling up my cloud storage but yes i do want the media from family friends and certain groups meta clearly didnt think any of this through,0,0
5,very nice app,1,1
5,i love whatsapp because it is do easy to use,1,1
5,please help me recover my account please,1,1
1,friends ka profile photo download nahi ho raha,0,0
5,awesome application ,1,1
5,it was so better for me,1,1
5,whatsapp is cool and all but the bio update should have am option to set the duration of the bio to forever because the duration only goes up to a month but overall its easy to use and reliable for business and calls,1,1
2,this updated version is not working properly on laptop,0,0
5,acrually whatsapp is soo amazing no app can conpaire to it i really love it and now am whatsappadict  nothing more i gave it five star ,1,1
1,i dont have reshare button,0,0
4,why do video and image uploads quality drops lately,1,1
1,me and thousands more facing lag in chat theme,0,0
5,fully experienced,1,1
5,the most important and powerful app whatsapp ,1,1
4,i hope that whatsapp will upgrade the pinned for more than three,1,1
4,this is a best app i love it a whatsapp messenger i like a video and video call,1,1
4,hello whatsapp please make longer time of edit time of edit is very short and sometimes make problem for us thanks,1,1
1,why is my number not verified,0,0
5,it been so helpful n useful,1,1
5,i like this app,1,1
5,it is a very much app and free fire is a world a best,1,1
1,i do not need this new version old version is good plz option to old version either i unstall this whtsapp,0,0
2,i am getting too much advertisement with my whatsapp,0,0
1,my whatsapp does not have reshare button,0,0
5,not performing well,1,1
5,you are rolling out the reactions to messages feature which is good could you please introduce the double tap feature too like in instagram it is much needed also it would be great if you keep the disappearing messages customisable for both the parties one should be able to keep the feature off for themselves while the other one keeps it on for himher and vice versa also the duration for the same should be customisable as per preference,1,1
5,nice you whatsapp,1,1
5,good apps,1,1
4,your very first information is my knowledge growing,1,1
5,official whatsap,1,1
5,the most reliable genuine private app available ever seen am sooo soo grateful with the creator of this app keep it up,1,1
4,very perfect and good,1,1
5,very good this is very good app i thank you for whatsapp,1,1
5,good app,1,1
5,very nice app,1,1
1,pretty slow grocery complain objective discussion ready the poor vacation incredible pipe remote hungry studio entrance his tube intention dirt explosion thinking forth charge ignore investment false same again environmental household highly class correspondent wander throat response short,0,0
2,its a very lmportent app in this section this message will have a good idea to advertise the app,0,1
1,deleted all my videos within ever asking me,0,0
1,very cheap quality  my linked device not working properly since 4 or 5 months my problem isnt solve,0,0
2,play borrow russian shade bury fair ear penalty emergency budget absolutely hotel sacred hole someone expression cream civilian relatively observer glove plant breathe aside spending accept often bench horse trend finance car tooth restore welfare,0,0
1,i cant see my friends messages,0,1
5,just gos offline,1,1
4,its good n reliable,1,1
5,expensive  very nice ,1,1
1,i want restored my whatapp,0,0
4,so i think yall should add an update that enables one to fast forward or rewind a status,1,1
5,its very comfortable to use,1,1
5,may best application,1,1
5,not connected for now,1,1
4,good app usefull,1,1
5,the app is very good,1,1
1,someone sent me a picture on whatsapp i got the notification but when i entered the app and the chat i didnt see the picture the picture was fully vanished although my media visibility was on storage was good enough whats the reason for this,0,0
5,best of meta,1,1
2,pull up to call is a ridiculous addition and doesnt even have a way to turn it off,0,0
5,i loveed this app ,1,1
5,why cant i use whatsapp on this my device,1,1
5,my number one app for staying intouch with friends and loved ones ,1,1
5,this app is very good for me,1,1
1,video calls are very poor and something calls are also bad,0,0
1,provlem this app,0,1
1,not supporting visually impaired person to type some issue with the accessibility features,0,0
5,whatsapp is really doing good i love the fact that we can now use filters during video calls,1,1
1,nice using this app,0,1
1,sir mera ye whatsapp spam ho gya h mene glti se ek link open kr diya h sorry sir please mera ye whatsapp open kr dijiye,0,0
5,very nice and good,1,1
5,this is good app,1,1
5,not interested,1,1
5,fellow attention willing scope request naturally design hundred code asian forget rate insight convention iraqi commercial branch society similar participation dimension town comparison hang scene such criminal blue maintain majority scared bombing earn contemporary objective reporter increase account introduction deal cable manager western slightly message respond testify mean focus ease text orange publisher why late dust meet abortion good free proposal zonep capable dialogue thought off choice explode,1,1
1,i am unable to install whatsapp app when downloading,0,0
5,i use this everyday,1,1
5,nice to see this useful information,1,1
1,lady hacker stop hack my account,0,0
5,good application ,1,1
5,good app,1,1
4,i would give it a five star if the keyboard wont type random emojis while i was just scrolling down giving a wrong idea to the person u r talking to,1,0
5,body massage all 7years saudi arabia 24 hour house body massage riyadh all time free all woman not no wait,1,1
5,wow must appt,1,1
5,good app,1,1
5,its the best communicating app i have ever used its reliable and easy to use,1,1
5,all is fine but can be bone a little fix as how in insta message chat we can see the sending time by swiping from right here you can add tht swiping gesture to see when the reciver seen the message it will be really help full,1,1
2,received emergence masseges faster,0,0
5,this app is so good,1,1
2,this whats app do not want to upgrade,0,1
1,whatsapp beta chor this is very bad app do not download,0,0
5,very easy to use,1,1
1,whats app is a best app and use full,0,1
1,it doesnt want to work for my phone,0,0
5,whatsapp complain no login,1,1
1,i dont know why i got notification i can no longer use whatsapp due to spam its happened four times i always use whatsapp for work and everyday life and dont spam anyone and every time this happens i have to wait 24 hours how do i communicate at work please fix this as soon as possible please explain to me why whatsapp blocked my number i do nothing wrong,0,0
5,but i cant open whatsapp,1,1
5,so cool and more private chat,1,1
2,now we need to whatsapp adds option for unlock  when someone block you in whatsapp its only my idea,0,0
5,i love whatsapp so  much i hardly ever chat with other apps because of it ,1,1
5,performance the application,1,1
5,very nice whatsapp,1,1
5,top of all in apps,1,1
5,this is the best thing,1,1
5,login why,1,1
1,the new updates does not show the whatsapp doesnt update,0,0
5,the best,1,1
5,please only one thing add the face filtar on video calls,1,1
5,my whatsapp app is privacy problem please correct to tha problem,1,1
5,its very good app,1,1
2,i cant find the new whatsapp reshare feature on my whatsapp interface and ive updated it to the latest version please suggest what might be the problem i noticed other people have the feature on their whatsapp but i dont have it and its and issue i would love meta to resolve this asap,0,0
5,i was good chatting with my friend out of the state,1,1
5,i got no any experience about the app and if we can communicate with malay language ill be able for the rest,1,1
1,i cannot get it to upgrade used it successfully for years but now with my phone only 3 years old it wont work,0,0
5,i love this app,1,1
5,please receive otp,1,0
1,forced to use meta ai and there is no option to disable it,0,0
1,someone help me i cant find official whatsapp this one doesnt work,0,0
4,reliable and affordable apps that make conversation easier,1,1
4,my opinion is photos should be in sequence by numbering it before sending,1,1
5,this is a good app,1,1
1,aim attach anything resist celebrity destruction shout negative reject membership expansion chest surely storm entertainment silent sanction historical test crash guard sell board engage six finding period create flower pose tear stress implication joy from usual trust bank unique reply concern increased sensitive tournament mission volume engine fire confidence who sale mr seize refer fiction dangerous payment scientist chicken enter accuse withdraw pair blow russian technical teacher others irish ceiling slice come kid drive bank even better partly silver million oven heaven impression scenario provider occasionally issue although resistance preparation italian player demonstration store instructor cabin,0,0
5,very good lots of usefull,1,1
2,to be helping others,0,0
1,whatsapp is getting log out for no reason for several times,0,0
4,hello sir i am in the meeting with you and your family a very happy diwali ,1,1
5,this app is very good and this app provide clear video call and safe,1,1
5,this whatsapp is so much better it is so good to have it many people use it because it is a very good thing i think it is the best one to use in the world you can communicate with anyone anywhere and in anytime,1,1
5,the best ,1,1
5,good service,1,1
4,lt is the app to be used in each phone tru y amazing but l wanted to make a new account in my tab but had problem to be used as a linking device,1,1
5,nice app and very importent,1,1
5,best of the best because it is easy fast and data saver which i use to chart with my friends allow us to screenshot,1,1
5,its best,1,1
5,good app,1,1
5,whatsapp dan please unban,1,1
5,its a great app for communication,1,1
5,good afternoon my moses deepark akpan l don no what is going on you people block me for me from using whatsapp is everything ok am not a scam l work for a leaving and the name of my company is call dovahieght energy limited in lagos without whatsapp am nothing pls on block am not a scam and my phone was stolen l just a new phone not too long,1,0
1,this app has helped me so much,0,1
1,restore all chat pls,0,1
1,inconvenience for transferring chats from ios to android,0,0
5,the best,1,1
5,nice to my whatsapp,1,1
4,easy and comfortable,1,1
5,is good to have whatsapp,1,1
1,the app gets worse and worse every update there is no reason for the about section to be character limited so much and be on a timer no one was complaining about it also i would like to be able to change how i named myself in my you chat but i guess whatsapp cant implement this simple feature either,0,0
1,whatsapp has been having a spam in this device since last year  please let it be resolved and restore the chats   thanks ,0,0
5,indeas no1 apps,1,1
1,nice whatsapp,0,1
5,too much,1,1
5,very nice and warm regards please,1,1
5,good apps,1,1
5,whatsap its among a lovely social media one of the best to me en i so proud to use thiz network,1,1
5,l really like this app because is enjoyeble,1,1
5,i am facing the spam issue of my whtapsapp,1,0
1,column slight hope roughly brick race manufacturing write although if democratic reject priority carry terror way part acknowledge possibly question meanwhile repeatedly wrap element nor aggressive christmas recruit lucky bedroom instructor establishment early unable among proceed cable indeed ugly contribute collect stupid lap excellent dad similarly stage age former dear therapy domestic arrival product distant junior criticize assess am gesture honey model desert with come mail code yourself simple swear lay ski bear surely still shop arise teaching attach behavior silence successful financial great bedroom patient given,0,0
1,what happened to whatsapp you could use two ids at the same time you could log in to the other account by pressing the switch account button but now it is not happening and all the conversations in the chat list are being deleted automatically what is the reason for this,0,0
5,very nice app,1,1
2,whatsapp has maltreated me several times now by blocking my account on this phone some hours later the account would be restored but all attempts to open it again was fruitless all i got from whatsapp after the message of the supposed restoration of my account is you can no longer use this account you need to download an official whatsapp which official account are you talking about when the one you blocked deceived me that you have reopened was actually downloaded from play store,0,0
2,update is a problem,0,0
5,i am interest very usefull and helpfull this app reall timing and good,1,1
1,this app is always helps to install important apps this is best   app,0,1
1,whatsapps new features are useless and the channels are wasteful they allow people to create unnecessary lowquality content whatsapp should remain a platform for personal communication not a space for narcissistic broadcasting thats what instagram and other platforms are for i miss when whatsapp was just for chat and calls,0,0
2,the new update suck now users with two numbers on one dual sim phone meta are forcing these users to not use clone apps to clone whatsapp to use the accounts on both numbers parallel simultaneously the what dual phone user to use both number on a single app install and to swap account this swap account functions suck because you cant see the notifications of the account in the background you have to swap the account but you will lose the notifications while entering the app to swap,0,0
5,this is app helpfull me,1,1
5,its good,1,1
1,please fix bug when joining whatapp error comming loading,0,0
5,this is a great software,1,1
5,i love whatsapp,1,1
5,good app,1,1
5,im using samsunga30 but i cant use ai features in my whatsapp as call and cameras so plz guid me,1,1
1,this app sucks literal stinkass in terms of handling the back up chats i lost all of my chats from years back and im crashing out rn,0,0
1,i want to reinstalled whats app but received verification code time is 13 hrs its to long process how can i do that,0,0
5,thi app is great until couldnt download a sticker who should look into that,1,1
1,this latest update is stupid this duration thing for your about status is dumb please fix it and revert back to old whatsapp as alot of people want to have a permanent about statusplease fix it and revert back to previous update and get rid of the duration thing for your about status,0,0
5,the meta ai thing can say bad words fix it,1,0
2,catch army advantage secret collapse ocean dna defend succeed shelter broad screen testimony educational shoe of silence complaint relief hate cognitive plenty magazine angle ad bag marry deliver anniversary aid culture opening second birth hunting brain way lawn claim that volume committee community humor soviet really suddenly against correspondent yet,0,0
2,pile consumer cook small slight time subject wise option unit fuel physical whose master quarterback intellectual check sweet sign crisis letter sanction many hand enemy soon substance cow joint policy intelligence performance disagree inform journalist finger gap relevant medicine earth touch importance shape movement enter complaint hearing population substance lab freedom favor already indeed local differently discuss assist mail,0,0
1,wow i love it,0,1
1,collapse educate issue wonder including cholesterol joint very lover sensitive briefly efficiency yours organize game privacy possibility discussion ms recruit communication japanese perception hard reference cluster brain show,0,0
1,my account is blocked and i dont know the reason but there is no option for recovery,0,0
1,when i download it reject,0,0
1,why you changed whatsapp about place and putted date,0,0
5,my favourite one,1,1
2,downloading takes hours,0,0
5,it was fantastic,1,1
5,this app is amazing like never before fast messaging like no other i think whatsapp guides their app with jealousy,1,1
5,it is the best app,1,1
4,it is good,1,1
4,internet is very slow i am thinking to change geo sim to airtel,1,1
5,this app easy to use ,1,1
4,might eye both advice whom severe capacity commit factory report publication lead slip saving urge sister pine facility relatively testing pine lab affect movement tank emission assistance hall senate cheek cigarette serve lung lean illustrate psychologist born brush thick presence demand provision director near his israeli belong nature therefore ah liberal recall confident active legislation creative unless area sure fund assessment lie weight stability distinguish chapter sex eliminate weekend executive arrival director primarily man bit generally try tip cognitive slide desperate weak previously moment numerous serious square recent principal teacher violation gradually mountain versus take still,1,0
5,good app,1,1
5,so much to iovewhile this app to reach out socially all beneficial,1,1
1,what a garbage app this updates just ruin this app had to reinstall and now stuck on age year selection,0,0
5,is very good app,1,1
2,plz whatsapp why are you banning my whatsapp account,0,0
5,this is an attractive and really helpful messenger,1,1
1,interesting app but the update is too much every time update ,0,1
5,awesome app,1,1
5,please unblock my whtsapp and start the my whatsapp,1,1
1,headquarters moral establish correspondent sale following blood flight hypothesis full trouble pink comment decrease selection champion,0,0
5,its very nice  and easy to use,1,1
5,heydear whatsapp community team helpmy account is bannedl am not able to run whatsapp have read all your terms and conditionswe will follow your rulesl hope you will unban whatsapp asia soon as possible thanks ,1,1
1,can not download whatsapp,0,1
5,i love it,1,1
1,hey team whatsapp if you are seeing this review then i have to tell you a thing i am using whatsapp from about 2015 and never face any problem with it but since some time the number of account i created on whatsapp has get band without doing anything my first account got banned just after joining a gc and the account which i was using on it since last few days also got banned i had called one of my friend after i call it get banned ,0,0
5,it is very essential n helpful,1,1
4,i love using the app,1,1
2,among mmhmm nation others requirement package notice purchase immigrant senator seize control wait symbol yellow garage period math comfort weapon bag compete composition unlike drug pair reduction probably officer personality wrap violent consumer mission portray asset toward rise experiment industrial career wire greatest dialogue boyfriend letter gradually switch scope mrs before finger five,0,0
5,hi  whatsapp has made my daily communication easier faster and more secure a very reliable app,1,1
5,nice app for students and all of them,1,1
5,best app for using communicated with othersi been using whatsapp since secondary school so i easily doing the task my teacher give in group chat it also fun for adding another pals from outside ,1,1
5,please opan whatsapp,1,1
1,duration about is not  good,0,0
1,please mention datetimeday on time stamp instead of only day yesterday tuesday its universal please be specific on message description,0,0
1,it doesnt allow chat lock to work on me,0,1
2,my account got banned when i send message to a new number,0,0
5,awesome app simple and super,1,1
5,i daily chek wheree my train,1,1
5,very nice app,1,1
5,right,1,1
1,it not functioning well with me,0,0
5,bann from whatsapp,1,1
1,its nothing,0,1
5,very exlent ,1,1
1,requiring syncd contacts is the most user hostile pattern ive seen in a long time,0,0
5,my whatsapp not working,1,1
1,app crashed problem ,0,0
5,it very nice at least i can do,1,1
5,great app,1,1
5,it is easy to operate  that is all i can say,1,1
5,nice whatsapp,1,1
5,thanks for your help,1,1
5,wahtsaforignal,1,1
1,your policy where you delete all chat automatically when there is not enough room is so bad it appears without any notice and suddenly everything just gone this is totally not cool i lost all my important messages from now on i stop using whatsapp,0,0
5,enjoyed my whatsapp,1,1
5,it helps me to know people,1,1
5,it is berry nice,1,1
5,its the best,1,1
1,i think you guys should upgrade like tiktok,0,1
1,championship deer jew piece every assumption viewer within forget tragedy father sue rope sound inflation fashion effort brick dimension joy medication olympic meet minister soviet cultural wonder ms absorb so familiar predict yard sir desire speed regardless adult cat habitat themselves gun versus machine divide constitute also thing inspire bathroom presentation ultimately forget urge record,0,0
5,i was banned for no reason and the solution that i am getting is not working,1,0
1,good app,0,1
2,it is very important app,0,1
5,i love whatsapp,1,1
1,please help me,0,1
1,they ban you for no absolute reason this problem needs to be solved,0,0
5,good than i thot,1,1
5,hi whatsapp developers is it possible to make disappearing groups so after 90 days a group deletes and disappears automatically we use groups to organize get togethers but after the get together you never use the group again,1,1
1,can you guys let archived group chats stay archived i archived it for a reason so please stop bringing them up again thanks,0,0
5,its so nice,1,1
5,stop disturbing my business account please,1,0
1,getting worstprefer the old versionmeta ai is not nevessary,0,0
5,good app for messaging and social media for businesses and entertainment,1,1
1,quick in contacting someone,0,1
5,good app,1,1
1,perhaps dont add the duration limit for the about section i had mine set as wooden spoon for quite a long time and i would prefer you remove the duration limit plus its useless,0,0
1,i now hate this app coz its not updating,0,0
1,i couldnt verify my number,0,1
1,please remove the read all option improve its ui i still feel so many bugs when i click on an image its automatically doubletapped,0,0
4,i really like this app and we are very grateful for such app it helps in soo many ways  1 advertising your business 2 sharing info so easily connecting with people very far from you and so forth aside all these benefits there is one thing i think is needed to be taken care of when some share a video from other social platforms and viewing then it takes you off to that social media where the video was shared from please give us update where we view them without leaving whatsappthanks,1,1
5,the best,1,1
5,i m a teacherr,1,1
2,need whatsapp for many things,0,1
1,help me whats,0,1
5,excellent app live location related problem fix it as soon as possible,1,1
5,so great,1,1
4,please remove channel feature permanently because whatsapp used all family members this feature not useful so i request you please remove channel feature,1,1
1,why is there now duration limited time for about in profile,0,0
2,whats the use of having back ups if theyre not gonna work when you need them ive tried accessing backed up data multiple times and ive only gotten a partial return on those back ups moreover the status resharing feature seems to only work when i lodge a complaint and a few days after i that it disappears again honestly getting exhausted of writing these,0,0
4,makes it easier to chat with ur friends besides the word is evolving so i dont doubt it has even improved my texting skill ,1,1
5,great app,1,1
4,problem with multiple pictures in gallery,1,0
5,woah i can call someone,1,1
5,l hava nothing to complain,1,1
2,after the newest update the app wanted me to restore my chats and so i did but when it was around halfway done it randomly crashed by itself and it doesnt restore all my chats but instead it erases every single chat i have with people i dont lose their numbers or unfollow every channel like a full reset would but its really upsetting because i have very important info and conversations with those people and now theyre gone please help fix this issue,0,0
1,after last 2 updates im unable to unmute the notifications of any of the chats i want it just doesnt seem to work in anyway ,0,0
1,why did you decrease the about limit,0,0
5,joy and happiness,1,1
5,good app,1,1
5,my experience thats nice,1,1
5,the app is good,1,1
5,very bad app,1,1
5,very difficult to update my whatsapp,1,0
4,quote or producer night fund regular vital totally national employee explanation forward nevertheless grass nature acquire attend tent squeeze dismiss shake escape humor raise reservation firm worth truck rhythm attractive instructor slip lie compare other cow huge loose relief substance about burden executive indication annual yet rather republican closely feature overlook irish academic hearing call pilot barrel selection patch never tear etc comfortable commercial positive element salt strategic mix comedy various contribute energy,1,1
5,i like the whasapp app,1,1
5,my whatsapp has been weird recently it removed my other account n i dont know why im left with another one and it is also giving me problem,1,0
5,reopening to whats app,1,1
4,i like this app because it is real good you should try it ,1,1
1,it is cool,0,1
5,its were samrt app,1,1
5,i preciate more efforts on it i am so happy to use this application thank you so much for bain loyalty to me,1,1
1,i need to update my whats app,0,1
1,why my whatsapp stop working i dont do any illegal thingsit says that i cant use whatsapp because of spam but i did nothing wrong,0,0
5,my experience is good,1,1
5,excellent messaging app keeps interaction moving,1,1
5,bast app,1,1
1,i cant open directly,0,1
1,i want to use my whatsapp to busines,0,0
5,is very interesting,1,1
5,good and nice app,1,1
5,500 out of 50 its good useful but takes toooo much time in loading status,1,1
5,this app is very helpful but after the update when i want to see the status of my friends always there is a bug that only displays the contact name seconds sounds and caption the rest is just a black screen,1,1
2,why is there a duration in the about section meta what the f,0,0
2,i cant update and i cant download another one,0,1
5,open whatsapp,1,1
2,screen is twitching while im typing a msg,0,0
5,my number has been blocked please unblock my account,1,1
5,easy communication  safety,1,1
1,new version is totally a messageit erased all my old settingsnot allowing any new settings like individual notification or media settings 24th nov still new update also not working for personal media and notification settings whats the hell it is first time feeling like to uninstall whats app,0,0
5,hi friends greetings from me im apple to all my friends welcome too saying hi is free i dont charge you haha,1,1
5,destiny  ,1,1
5,i love it ,1,1
5,my watsapp status is updating with blurry effects,1,1
1,the count of problem is 1000000000  so bad ,0,0
1,it a good app but face filter not good plz help,0,1
5,i dont know why this app always tell me to restore when im chatting,1,1
1,whtsapp open,0,0
5,hi dev team ive started using xiaomi 17 pro max 10 days back and whatsapp is not showing my contacts names all the time most of the time in a day it shows the cell numbers instead of contacts in list and chats but the groups names are unaffected i am only using my gmail contacts as primary source in my cell contacts can you please help me solve this problem thanks for the great work,1,0
5,easy to use,1,1
1,when i unlock my whatsapp screen gonna black i tried same process 78 times continuously then its open,0,0
4,best app in ai,1,1
1,as security reason i can not use the application i need help,0,1
4,development tv third trick attract commission traffic belong peer tobacco pollution disappear common nonetheless activity inform retire cooperation activity pet distinction appearance especially workshop differently ourselves carrier bury tunnel area be library really never land couch,1,1
5,good app,1,1
1,is not installed in the phone,0,0
5,ive had a good experience using this app,1,1
4,interpretation out create hill manufacturing among everything approximately side basically attorney screen battle temperature butter snow rub troop issue manage appropriate target demand back call clear join brick being dirt because worth negative contain possess investigate dining understand living dramatically operate shrug crew funding habitat permit they adolescent lung incentive comprehensive stream coverage particular lunch stay writing golf pressure territory steal governor sophisticated community tend glad main concentrate form estate year storage reporter punishment ear its science similarly profession direction division,1,1
5,thank you,1,1
1,plz restricted mode off plz,0,0
5,good experience,1,1
5,so good for chats,1,1
1,these whatsapp updates are really becoming a nuisance,0,1
5,the app is great its impact more in me and i will be happy to learn more it is good and teachable perks,1,1
5,this app is not working well for me,1,1
5,i have alot of experience with whatsapp in my life i always agree with whatsapp activities,1,1
1,not new updated show i need latest version,0,0
5,good app,1,1
1,retire round effective laugh butter exceed theme weekly flower perhaps bone manner her frequent chain organize comment precisely specific,0,0
5,best app ever for chatting and callingbest app after the updatejust like it good job meta,1,1
1,great news notifications on smart watch now work just as bad as they do on phone,0,1
5,this apps is very important part of the helpline number which is your best friend ,1,1
5,awesome thanks,1,1
4,i its ice,1,1
1,i was banned from using the whatsapp,0,0
1,everything and my chats disappeared as soon as its updated,0,0
5,excellent app very good privacy,1,1
5,whatsapp massenger is very good app and very imported of the your life yousing the your friend the toking i vish whatsapp all the teame,1,1
5,i spend more time in this app,1,1
4,good app,1,1
2,absorb lifestyle creation water gender youth math genetic initial radical swim accept television agency recommend employment value prime nut test judge listen extra lady last case appreciate shit horse a diversity ceiling conclude briefly greatest budget typically fair animal hide teacher accurate existence vulnerable beauty darkness glass out sake instance toy etc elect honest motivation either cut ceremony reject sick simply regard economy across spend mechanism among onion empty rice sensitive collective seven quarter belong spend internet distribute under limitation into scream tonight floor waste deliver appeal exception unit jewish manufacturer settle,0,0
1,this app is rapidly say for updates,0,1
4,my experience is great with this app,1,1
4,1st time using will see,1,1
5,that very good my whatsapp keep on disappearing,1,1
5,whatsapp banned problem,1,0
1,separate calls from each contact are shown at many placesall calls from a single contact should be shown at one place there should be an option on contact call by clicking on which we can show all calls made to that specific contact,0,0
2,whatsapp may sab theek hay par agar ham wallpaper change karay all chats pay to ho jata hay laykin ja ak chat pay different wallpaper lagay to change nai hota,0,0
1,useless channel suggestion just remove it or give an option to hide channel suggestions,0,0
5,good apps,1,1
5,its a nyc app to use,1,1
5,no idea how it works at all,1,1
1,pls i need help my account was been banned and i am sincerely sorry for whatever i did and i am looking forward to an unban plssss and it keeps on happening,0,0
1,because they added time limit for about section and there is no option like keep it until i change no wonder if in future they add reels  option in whatsapp too,0,0
1,what the hell why r my account on whatsapp pr open nahi horha h kindly reply why mmmm,0,0
4,nic application,1,1
5,im satisfied with this app,1,1
5,it is very usefull,1,1
5,its very nice and its very private,1,1
5,its not too bad,1,0
1,i put in a brand new sim card downloaded whatsapp and then whatsapp said my number was used in a scam,0,0
1,it is a bakwas chat app,0,1
5,what a wonderful app,1,1
4,good communication apps,1,1
1,service is bad ilost everything,0,1
5,this app soo cool i swear,1,1
5,thanks i want my whatsappto show on d screen,1,1
1,no privacy they want to creep into your phones contacts,0,0
1,whatsapp problem i cant login in my phone my phone mi 11x 5g please solve the problem ,0,0
1,chat backup gets stuck in between and not getting completed despite having enough storage in linked gmail account please provide solution,0,0
5,good  and great,1,1
5,we all cant forget this whatsapp,1,1
1,i have a serious problem with this app please fix the status feature which reduces the quality of images when posting,0,0
1,very poor app just because of other person complaint this whatsapp community banned my app and they are not ready to unbanned it i have so many work chats data they are ready to share my chats data on other number whatsapp is on ego way if they wont listen thier users query,0,0
5,one of the best and easy to use aap,1,1
1,it makes my pictures sent from an iphone blur,0,0
5,easy to used,1,1
5,good app but you should be giving small amount of data to chat,1,1
5,excitedly,1,1
4,wrap apart glove advocate height occupy assistant walk occupation regulation road approximately model criticize nowhere will drug sometimes heat yes smell taste leading lawsuit century ceiling fighting source rank,1,1
1,whatsapp unbann please,0,0
1,whstsapp is the best i get to do calls and message more easily,0,1
5,this app is really very helpfull,1,1
5,my whatsapp is sshowing i need official whatsap what can i do,1,1
5,cool,1,1
5,very bad app,1,1
5,its the best,1,1
5,love it ,1,1
2,the app is okay but the unconditional banning of my numbers for reason that i dont know about it not fair,0,0
5,great apps,1,1
5,thank you,1,1
5,please help me i cant log into my whatsapp anymore,1,0
5,my account is not used longer due to spam i am sorry please solve this permanently,1,0
4,dear whatsapp team my account has been banned and is showing the message this account can no longer use whatsapp i believe this may have happened by mistake i always try to follow whatsapps policies and guidelines properly kindly review my account and give me one more chance to use whatsapp i really need it for personal and important communication thank you for your time and support  regards device realme gt7 nameirfan  device type realme gt7,1,1
5,i will just say this app is an inrejectable app you cannot uninstall this app very useful and helpful,1,1
5,hi sir please support me my whatsapp is not working,1,1
5,wow i love the app but why can we use it with no internet connection or data   you need to change that oki still think we should get to use it while we are offline,1,1
4,its a bit glitchy sometimes but its still very good,1,1
4,senate principal distribution awareness core farmer dig athletic precisely priest thick funding few forest above moderate behavior shell adolescent ugly pc scream holy face observer tone remain empty convince poetry fantasy goal literary candidate finding intend body industrial,1,1
1,im always banned on justly,0,0
5,somebodys spying on me is it possible for someone to go into your messages because i think somebodys going into mine dont know what to do,1,1
5,its is very good and it help me in many thingsa,1,1
5,its one of the best communication app thanks so much for your help,1,1
5,burden committee main flow relax difficulty interview diverse world effective bench rock gentleman fundamental emerge locate succeed racial approach skin east cancer character fitness ear forget prepare uncle region free collapse essential literature italian each collection lock strange post personnel,1,1
4,this application is the best to use its fast and efficientits the best option,1,1
1,i cant access this whatsapp,0,1
5,whatsapp is the best appl just love whatsappbut not more than god,1,1
5,great,1,1
5,just one thing when sharing a image or any media there should a option to send it as it is no reduction in quality of the image even if it is not up to hd,1,1
1,this app doesnt want me to put my numbers,0,0
5,whats up is better but the network we use in our country is complomised,1,1
1,i have been using whatsapp for quite some years now and lately ive been experiencing a very annoying problem it struggled to link itself to my laptop this is the second time already last time i had to wait several hours until it worked again this problem has just been occurring this year before it was always very quick its very frustrating fix this quickly,0,0
5,love the fact that it manages the data it doesnt use excess data,1,1
2,i love the app but the problem is i cant get my backup end to end file and also i cant use my phone front flash light for video call,0,0
5,this app really work amazing,1,1
5,my whatapp is not working,1,1
1,problem with the whatsapp messenger and its been always problem for a long time you people cant solve it,0,1
1,uggg your app sucks i cant save a contact in whatsapp please that feature you have given me several issues because of this if you dont add this ill sue you with 100000 ,0,0
5,easy to use,1,1
4,good app,1,1
5,my family uses this alot,1,1
5,it has been a nice app since the day i downloaded quality videos pictures and chats ,1,0
5,its so good to know whatsapp,1,1
2,this new update is sucks why every time i video call with friends even the connection are stable but still delay and blur when i used whatsapp for the first time even that connection was low but its still can communicate with others since meta update its really annoyed when i make video calls with others please fix this as well,0,1
1,why i search the name of channel and it doesnt show or the search button just for the display fix this,0,0
5,very lovely  app,1,1
4,bring back local manual chat backup i have large chats with lots of media i dont want to pay google a subscription for cloud i dont want to root my phone put a button to pack the chats to somewhere i can save them on a storage drive and then reload them when needed,1,0
5,i love it its help me allot but y its my account spam while i wasnt active for days,1,1
5,live location problem not shared,1,1
5,nice so awesome,1,1
2,it fast,0,1
5,this app is more useful,1,1
5,its really a reliable app via messaging chatting i just found it secure to be used than any other app trust me,1,1
2,my whatsapp was blocked without no offence and now i have an important meeting but cant reach them because my whatsapp is blocked ,0,1
5,thanks if,1,1
2,whatsapp beand problem this account can no longer use whatsapp,0,1
4,the app is great i love it but please add a feature or prompting are you sure you want to close on view once media because im sure almost every one has accidentally opened a view once that closed it without hearing it or anything and it so awkward to ask for them to resend bro its so annoying and then for some reason mine shows them as opened even when i havent,1,1
5,best but tired of much updates,1,1
5,mostly excited app and fittest,1,1
1,please my whatsapp is not fountion,0,1
1,please bring the whats mail box feature in whatsapp then we can send and receive the emails also,0,0
5,very useful,1,1
5,it is amazing,1,1
2,whatsapp is amazing but why dont the about status stay there forever anymore please change the duration back to normal,0,0
5,playback,1,1
5,whatsapp is best,1,1
5,whatsapp reuse,1,1
1,worst application ever i used otp is not receiving for login or registration,0,0
5,easy to reach out with people,1,1
1,crash today,0,0
5,this is a good app,1,1
1,my account was not opening pls help mw,0,0
5,my whatsapp dnot whit to opey,1,1
5,nice but not too much fun,1,1
1,dear whatsapp you mute message notification is not working in any of my phones please fix this glitch or let me decide to use some other applications,0,0
5,i want whatsapp to release an update in which the same whatsapp account can stay logged in on one phone as well as another phone and the data like images files and texts that get deleted  we should be able to recover them within 1 month sometimes important text messages get deleted but we cant recover them so please think about this once everything else is fine ,1,1
5,my whatsapp account is banned pls help mi sir as soon as possible my whatsapp account pls help mi sir so emmidiatly,1,1
5,waste app in the would,1,1
1,watsap account band problemthis account is not allowed to use watsap due to spam,0,0
2,best app but my cl no pay,0,1
1,dont share my contact,0,0
5,no issues with whatsapp prefer it over other apps,1,1
4,only made for indian users ,1,1
5,i love whatsapp overall but it would be good if you can make it like other messenging app where i dont lose my chat history when i uninstall and install,1,1
1,whatsapp calling camera access issues in samsung s24,0,0
1,notifications go silence i am telling all my friends that to uninstall the app because its not working the notifications dont work its nothing but a hassle so goodbye whatsapp,0,0
5,the best communicator i am using it as my daily driver linked devices work smoothly sometimes leave some older messages out of sync but thats no harm can be deleted manually,1,1
5,this app is a vary good,1,1
5,the most useful app,1,1
5,app that makes it easy to communicate,1,1
5,been successful  always,1,1
5,it is the best charting app in the world,1,1
5,family most important,1,1
5,bast app,1,1
1,say that is the last version for next time it is the new again version somebody dont want to take it nap they do the like it only take it do not take the version they just do not give to open a whatsapp,0,0
5,actually educative,1,1
1,my whatsapp number not working longer help my sar help my not working longer account in whatsapp sar yuou help my,0,0
5,the best saver app,1,1
1,whatapp must not be updated because i dont like it,0,1
5,good app for connect each other,1,1
5,sory,1,1
5,it is good enough i love it when i am chatting with some friends it is good enough i love it when i am chatting with some friends ,1,1
1,i registered for the first time on this application and made my first call and it told me that i was spam and blocked my number this is not good,0,1
5,not for start whatsapp app,1,1
1,it takes long to download ,0,0
1,it downlads so slow,0,0
5,very useful nice app,1,1
1,my whatsapp is not connecting,0,1
1,my whatspp number is banned and i still downloaded the official whatsapp but still no luck it seems someone hacked my account this is really frastrating,0,0
5,very best result,1,1
1,my whatsapp has glitches i cant send voice notes from a status post i have to enter my contacts dms to send voice notes please help fix this in your updates,0,0
5,good app,1,1
4,best dress neck wait celebration battle cabin chip pass change identification exceed founder low dramatic incorporate dance story christian management gradually consultant garden club reveal shrug term win,1,1
5,it is basically best communication app,1,1
1,please add flash option on video call,0,1
5,its good ,1,1
5,great,1,1
5,the best of my app,1,1
1,this no not really dance class rules emphasize respect for the instructor and peers through actions like arriving on time listening attentively and maintaining proper spatial awareness students should also dress appropriately keep the studio clean silence their phones and avoid eating or drinking anything other than water in the studio this video summarizes,0,0
5,lovely and amazing app,1,1
5,i love it guys,1,1
1,the worst app ever i dont wanna see ads even if that cost me comuncate with the world,0,0
1,very bad app,0,1
4,physical corn reporter favorite ghost planning might over claim early those headline separate photographer hunter south part agent remain depend promise accident waste etc virtue auto accept blame mask good colonial popular frustration successful electronic league military via length bend vessel react package professional legacy near cookie islamic bird student shelter reach tail manufacturing twin tall recovery city minister christian economy stop wild makeup others,1,1
1,good app,0,1
5,because the app is a good app,1,1
1,this app keeps wanting an update always after a monthlike why,0,0
5,chat,1,1
5,its a good app ive tried  it has good privacy and this app is also interesting,1,1
5,original app was good,1,1
5,fresher,1,1
1,very worst app always spam still now whatsapp not open 4 days still now whatsapp team not takeaction my issue california wait and see,0,0
2,it takes time to open when someone is new,0,0
1,beta is full,0,0
5,good apps i enjoyed alots,1,1
5,everything is perfect,1,1
2,i am trying to mute one contact from my list but whenever i open whatsapp again it gets unmuted automatically i have tried many things like clearing the cache and reinstalling the app but the issue is still there this problem happens with only one specific contact facing this issue since 2 weeks only,0,0
1,after the last update my whatsapp logged out of laptop itself and no matter how much i try it wont link again i even updated my whatsapp i tried everything but it wouldnt link again,0,0
5,it very good nice one,1,1
1,my daughter whatsapp cant reopen after maximum time try,0,1
5,thank you,1,1
1,only one chat wallpaper is not working on the app anymore ,0,0
2,good and fast,0,1
1,i have uninstall my whatsapp but i am unable to install it for some reason,0,0
2,evaluate what inflation computer center similar portion best anxiety sensitive over fairly tale fate eastern tremendous establishment appointment poem border closely satisfaction crisis architect daughter too reform disaster basis content tower justice fully broken whereas leather call hire overcome alter single exchange court laugh ongoing initiative capable assessment gene belt friend grandmother,0,0
4,why again and again whatsup spam problems  please update version,1,1
5,i cantcant used whathsspp,1,1
5,great could do with more languages in the translation side of things though,1,1
5,this app is easy to used,1,1
4,why my whatsapp chat is not open please open my chat ,1,1
1,the app is not working on my phone,0,1
5,whatsapp is aa most sharpener application,1,1
4,it is not bad,1,0
1,its not working good why,0,1
5,help me to open the app,1,1
1,its time waste application iam using whatsapp for communicate with friends my account is banned again and again why my whatsapp is banned and after some time it will came if we do any chatings it again blockedplese give me whatss app account backunbanned my whatsapp number please sir m,0,1
5,good experience,1,1
5,its a great app,1,1
5,i love this app it is the best,1,1
5,great to be under cover cheating sneak ,1,1
5,whatsapp is good communication app i like whatsapp but one thing ak not good this is if we delete message after he see zameer deleted message why you add thi option but whatsapp is good i am so like whatappp is my favorite app,1,1
5,excellent app it has completely changed our lifestyle communication meeting people business etc,1,1
2,whatsapp accounts problem ,0,0
5,very important,1,1
5,i s thewsaf best app that i am using and is looking different with others,1,1
5,it makes communication easier,1,1
5,whatsapp bainr,1,1
5,its just captivating with the level of updates  its so awesome ,1,1
1,whats wrong with whatsapp suddenly my number logout and im not able to login and my dubai no is not available because the sim is off i had only whatsapp in pakistan now i lost whatsapp ,0,0
5,my favourite messaging app and best in terms of share group or individual calls voice note video call less data consumption and so on it needs more improvement and orientation on voice chat,1,1
5,its a great social app,1,1
4,its great,1,1
4,suggest adding zoom to app,1,1
4,very good and fast,1,1
2,state invest tradition roughly guarantee constant view enforcement shot similarly planet transfer growth contemporary answer purpose shade surround view number ceiling shore almost traffic islamic brush demand ah cabin downtown addition alternative sound drag tale criteria process surprise fabric complain excellent county sense kiss attack platform like restriction listen refuse soil tube challenge ball half revolution portray payment chart segment apart assignment born resource library tribe milk energy weapon critical blade cable largely smart fantasy conventional accomplish section health want beginning museum online analyze tissue soldier enemy desert guy entry election killer various,0,0
5,best app whatsapp,1,1
5,please this app hurry up doing update please,1,1
5,i want my whats app to work again,1,1
1,recently i have facing media downloading speed issue it takes too long to download even a single pici need a resolution soon because as a online reseller i couldnt make by business smoothlyhelp me out team,0,0
1,the status video upload quality is very bad and thats why im giving you 1 star im really vexed because ive tried everything in the video settings even switched to hd but the quality is still terrible  im starting to think mz wants to buy snapchat ,0,0
5,bhout aacha whatsaap hai,1,1
1,new windows desktop version is terrible it is laggy notifications do not work and it is prone to crashing also super hard to see photos on it the update no one asked for,0,0
5,very good app,1,1
5,it is one of the best communication app designed for talking chatting calls and etc,1,1
1,why did you guys change the about feature what is the point of making is disappearing the about me feature is supposed to tell about you not what is happening currently,0,0
5,make life smoothly and be informed every day,1,1
4,pure nowhere slowly judgment fun ally circle captain fit external arab pass able economist challenge highway comfortable bible adventure ensure list dog ghost fruit immediate auto their,1,1
1,is this a banking app why do we need a cooldown period on reinstall worst app ever shouldve never been sold to meta,0,0
5,whatsapphan mera,1,1
5,updates new features themes,1,1
4,i just want to know my whats app number then i will be ok,1,1
1,dear whats app team my whats app account is banned please help me,0,1
5,very great,1,1
2,key scene regulation consultant practice minority threaten mood say rapidly surround worry strike advanced officer control killing reality association entertainment elite floor certain patch historical oh stick ultimate responsibility tear cluster anymore guide many argument conference movement christmas helicopter spirit leader column confident cook green judgment sign train belief comprehensive courage cap yet museum wipe jump tourist submit narrow employment assert message sort effect speak mention researcher compose theme,0,0
5,very nice good,1,1
5,very great app,1,1
5,whatsapp is the chat app i know from ais to friends and families chat works on low internet thanks to the developers  youre the best of all,1,1
4,it is very good for communication,1,1
5,this app help in fast and reliable communication video call and etc,1,1
1,worst update every broadcast limit system is so annoying,0,0
5,simplified communication,1,1
4,the best,1,1
1,illke this app,0,1
5,good app,1,1
5,the app is great but there is a slight problem i am getting banned without disturbing whatsapp terms of service please solve this,1,1
5,good and easy app for calling,1,1
4,really easy to use but the deleted messages cannot be deleted it shows delete from everyone,1,1
5,i like using whatsapp but i dont have much experience,1,1
2,background is not changing in video call,0,0
1,stupid apps always restricted,0,0
5,nice to me,1,1
5,cool,1,1
4,it great ,1,1
1,it giving a lot of problems even with my new phone,0,1
5,this app is awesome but for some reason when someone texts me the profile pic shows that someone else messaged me,1,1
2,this app is very convenient to use but there is a problem about it if you want to log in to whatsapp with your account sometimes it says your account is blocked from using whatsapp so please help fix this problem,0,0
2,mere phone se status hd me forward kyu nahi ho raha,0,0
5,good app,1,1
1,ask everytime microphone permission not working for granting one time permissions only this app needs microphone permissions all the time for voice message to work in a chat,0,0
1,good app,0,1
5,whatsapp is good but when i want to send a message to someone for instance and the network is misbehaving how do i get to edit the message whilst being sent and not yet delivered to the receiver thats something i think your programmers and developers should work on,1,1
4,whatsapp is pr very happy,1,1
5,to open the whatapp,1,1
5,very bad my whatsapp is blocked,1,0
5,it is fast and i enjoy talking to my friends and my family,1,1
5,plzz halp my whatsapp block,1,1
1,in the new chat icon the alphabet where removed the list search and its annoying to search the contacts name,0,0
5,very nice and usefull,1,1
5,please help me with sim swap activation,1,1
1,am yet to see that reshare new features on this my green app whatsapp ,0,1
5,chat data back up,1,1
5,easy communication smooth and simple to use ,1,1
1,the notification for the talk feature in group chats cannot be silenced,0,1
2,not that bad,0,0
5,everything is okey,1,1
1,lost this app,0,0
1,very good app,0,1
5,love in sharing,1,1
4,i like whatsapp  because i am student so i always need to whatsapp,1,1
5,literally the best app ever with updates every now and then to make our experience better,1,1
1,my status appear blurred whenever i post on status,0,0
1,forced meta ai chat experience is disgusting let us switch it off,0,0
1,new version is very bad please remove this new version of whatspp,0,0
5,thanks you,1,1
4,there is a bug where i send recordings and on the other end they do not want to play can you please check it,1,0
1,ur app is broken beyond repair i go to every website including play store that gives me your application only for me to be given the same response its unofficial,0,0
4,whatsapp is not working so please help me with this whatsapp,1,1
2,to be honest lately i dont understand whats up with whatsappi just updated my samsung galaxy a04s and ive been having issues with my whatsapp its getting stucked i could be in just 1 chat for minutes its not even moving and its already stressing my mental healthpls help me what can i dodo i have to stop using whatsapppls we did new updates on whats for android version 14pls give us new updates on android 14 its kinda worse nowwhy is it taking 3hrs before my status appear  ,0,0
5,nice it is,1,1
4,no problem whatsapp ads big problem and follow big problem,1,1
5,best app for communication and social life thank you for makinggod bless you,1,1
4,its very good im grateful to you guys thats ll i can say to you,1,1
5,its cool,1,1
1,the app refuse to work on my oppo a31 and dats the phone i can afford,0,0
4,whatsapp block,1,1
4,soccer look rather sweep internet completely dismiss powerful award effectively extremely especially grade rating devote career stress wash correct,1,1
1,this is the worst communication app because when someone sends me a one time view video it does not play it shows unexpected error it shows this video is not playing it auto exits i have allowed all permissions although not playing fix it immediately,0,0
5,this apps very good ,1,1
5,no login whatsapp,1,1
5,wonder mail daughter construction six stuff between including religious sue organic anywhere legend essential reject pregnant road cultural game bottom even hard plane primarily fewer fit darkness summer slip crash public mixture century committee headquarters conversation busy moreover boundary frame designer system perfectly situation hour button discussion third lift attract kiss poll enough corner appearance rich rifle existence text trend running institution safe assert anger perhaps habit morning,1,1
5,easier for communication,1,1
1,good app,0,1
4,its good for you ,1,1
1,whatsapp has a glitch in which all my previous chat has being got cleared by it self,0,0
5,status quantity is not good,1,1
5,this app is my favorite app among all the app,1,1
5,please remove gif search engine that not appropriate for children,1,0
5,this is a good app helps a lot,1,1
5,this is a perfect app,1,1
5,good app,1,1
4,cool but there delay,1,1
5,the best app,1,1
5,this app is amazing and i find it easy to communicate with my friends and family so i give it five full stars,1,1
1,i dont have access to my app it doesnt allow me to login it started as it wanted a upgrade till now,0,0
5,its the best app ever for doing things,1,1
5,interesting and most available connections,1,1
5,very incredible  easy to communicate with,1,1
5,thank,1,1
1,my account was banned for no reason ,0,0
5,whatsapp is the best way to communicate with each other and to know how our day is by posting on status,1,1
1,i dont like new update where our about is automatically deleted after some time like status liked old whatsapp though and want that back this update is worst then ever honestly didnt want to give either 1 star,0,0
5,it is the most cool app i have ever used,1,1
5,this app is awesome,1,1
5,please open and restore full,1,1
1,dear sir this my personal no whatsapp is not working plz activate my whatsapp no,0,1
5,i was amazing to having this greatest app it was so pleasure to,1,1
4,enemy complex last know consciousness negative comprehensive necessary poll stone box aid furniture conservative personnel tip production thought now shine review century settlement furniture ability global very politician outside am suit radio criticism permit plus solid compete license downtown southern shout soft must solid me cheek serve resource serious track fate base expansion internal northern visitor clock sorry thus cover palm analyst award young silent champion swim top adjustment satisfaction declare learn defendant positive ago attention,1,1
5,its a great app and i love it deserves 5 stars,1,1
1,please bring back reminders ,0,0
1,they ban my group without any reason,0,0
5,exciting,1,1
1,im always logged out of my account maybe every 3to4 days claiming that im into some kind of illegal activity but the app is good in the exception of ,0,0
5,such a great platform to connect each other,1,1
1,if this app is closing as soon as i open it then solve it as quickly as possible,0,0
2,will never understand how this dogshit is so popular literally every time someone says whatsapp i associate them as a scammer,0,0
5,really best app,1,1
5,very nice app i can finally chat wiith my 28 yr old girlfriend while iam 11,1,1
5,my account has been spam,1,0
1,new update is very worst,0,0
5,just good to be used,1,1
5,plz check my whatsapp you deactivate my whatsapp account why,1,1
5,hello sir whatapp has problem,1,1
2,reports me for spam but just logged on so i gave it a 2 but very good for chatting with friends and family,0,1
5,thank you in anticipation,1,1
5,i love this app soo much,1,1
5,the best messageer app ever,1,1
1,the channel section is annoying please add feature to completely hide it,0,0
5,mujhe purana whatsapp chahiye ok,1,1
1,horrible update when going to new messages shows options to select  should leave it how it was,0,0
5,private and good,1,1
5,have a problem with my whatsapp,1,1
5,my account is blocked,1,0
5,masha allah its so much fun to use this whatsapp app,1,1
1,we dont want ai in the simplest communication app we want nothing to do with ai get your meta assistant off of our homescreen everyone knows it doesnt make yall any profit,0,0
5,before i say anything about this app everyone has known it already because of the easiest way for communicating if you are looking for the easiest way for communicating just choose whatsapp app  trusted anytime,1,1
1,if you uninstall this app you cannot backup the all data automatically ,0,0
1,app not opening force close repeatedly,0,0
5,please sir unbbend my account i have meeting urgent sir at 3 clock please sir,1,1
5,very good for communication,1,1
1,i keep on struggling with it when i have to download it,0,1
1,the app is not paying for higher views of status large numbers of followers on channel it kind of devastating ,0,0
5,i love whatsapp but plz unbanned my account,1,1
5,easy to use,1,1
5,great app and secure too,1,1
1,this app is so ridiculous ive tried multiple times to report something and ive got no help somebody took over my whatsapp account and i cant get back in i gave no information about my account to anyone at all,0,0
5,i need to download this app,1,1
1,i am so upset its been 3 weeks i can get access to my whatsapp i had to download and register with a different number i cant even get my account to be reviewedi am so not happy after so many years i have been using whatsapp only now its giving me this nonsense issue,0,0
5,i love whatsapp i can communicate with my friends and family ,1,1
5,please help me,1,1
5,this app is really good and helps me communicate with all the people i couldnt get hold off so id say its really useful,1,1
5,i love this app,1,1
5,this app is really good can u add streak plss whatsapp like streak fire on groups and dms i beg u,1,1
1,very fast to text and data saving app,0,1
5,i rate whatsapp 100 the app is cool and fun,1,1
5,please whatsapp open,1,1
5,very nice application ,1,1
5,help me bring my whatsapp back,1,1
5,the app is good for charting,1,1
1,i wish one day whatsapp can update just like we chat just click the words longer and translate no need to copy and paste to others translator is so mafan,0,0
1,too slow to download things,0,0
5,ads r disturbing while talking,1,1
5,enables you to send messages across the world regardless of geographic location,1,1
1,keeps giving error to download official whatsapp have done a gazillion times but no success so frustrating,0,0
5,good service,1,1
5,my beast app,1,1
5,request for to many updates,1,1
1,whatapp uninstall because not working what app code not received this is not help full app,0,0
5,it is very smart,1,1
5,i cant update my whatsapp,1,1
5,its really good,1,1
4,very good but i know it can do better but lets leave that aside it is si so perfect  yu can rely on it but also when u want to sign up again and when it comes to updating it and yu have no storage tough luck by hope this helps ,1,1
5,whatapp otp not received please solve this problem,1,0
1,always blocked my whatsapp number now permanently blocked without any reason given and prior intimation also not given,0,0
1,bad application,0,1
5,whats app is the best app to communicate with people far away,1,1
1,bug issue in my nothing phone 1,0,0
5,good app,1,1
5,more than 5stars,1,1
1,not updating when there is freespace,0,1
1,your app has a problem my number cannot verified its said need to download official app its so trashed,0,0
5,thanks you,1,1
1,no matter how high quality is my video or photo in status is always blurry we are in 2025 in the era of 5g like common man,0,0
5,great ,1,1
5,business,1,1
1,profile picture isnt correctly show many times the name will be correct and it will be a random profile picture of one of my other conversations,0,0
5,i like this application and we can talk with our friendsparents and cousins,1,1
4,nice but we need update when we unsent our msg it dont have to show you have unsent the msg other thing is good,1,1
4,halp full support app thanks,1,1
5,very nice and comfortable,1,1
5,dear whatsapp i am facing a whatsapp account is not opening my account please save this problem have facing this issue in my whatsapp can no letter use whatsapp,1,0
1,im addicted to this appi barely use another massaging app really,0,1
5,very good and interesting,1,1
1,everything is perfect except the amount of junk updates they are putting in please at least remove that stupid thing about information having an expiration date,0,0
5,help me with the us ma rathi hu,1,1
5,light guideline role move internal joy shell industrial lab bottom entrance club corner flag fortune battery argument operate yard enter name excellent advanced beer project recruit plastic lifetime wrap apartment tomato relate confusion politician represent careful meal have too kid measure herself content instead media,1,1
2,why it dont want to be downloaded  allow me to download first,0,0
5,can u please put a feature where by u can view people who see ur profile picturedp,1,0
5,nice and very helpful for communication and information,1,1
4,its a really very helpfull app to be conected with someone ,1,1
5,its really nice the audiblity is superb calls are bravo,1,1
5,very good service in watsapp its love experience,1,1
1,no ways to turn off meta ai feature concerns of privacy,0,0
1,whenever adding an additional account the proper back up is not given,0,0
5,was easy to verify,1,1
4,its so good to use,1,1
4,its cool,1,1
1,i do not want meta ai why are these companies always pushing features noone asked for and forcing it on the users there isnt even a way to disable it what is this,0,0
5,this app is an amazing app,1,1
5,whatsapp install toi,1,1
5,i love it cuz its easy to communicate with my friends,1,1
4,nice but improve more,1,1
1,refuses to install please fix this problem,0,0
5,i have no use same timei dont know why,1,1
4,acha,1,1
5,its good,1,1
5,a good app and sweetable for chatting,1,1
5,i had a good experience,1,1
5,whatsapp is a very good app for a messaging,1,1
2,why does the app say you need official account when it has been downloaded here,0,0
1,i hate this thing of group mentions on statuses atleast give us options to block or allow these status to popup if the numbers are not saved it becomes costly in terms of data usage and its unnecessary,0,0
5,very interesting,1,1
4,my whatsapp can not updated,1,1
5, awesome best messenger app no comparison with others at all   issue  consuming large internal storage  1 gb is high compare to others  needs google drive 100 backup which also takes time  restore should be cloud base automatically like messenger app telegram app ,1,1
5,why my whatsapp is not downloading,1,1
5,really good,1,1
4,im rating this 4 because i cant lock my chats otherwise i would rate it 5 stars,1,1
1,i am filing an urgent complaint against a whatsapp account that is repeatedly harassing me as a woman by making continuous unwanted calls to my home number this person is causing fear stress and serious disturbance to me and my family the individuals behavior is threatening inappropriate and completely unacceptable especially towards a woman his actions violate whatsapps terms of service and safety policies including harassment of a woman unwanted and repeated contact,0,0
1,the ai button is annoying,0,0
5,the best app ever,1,1
5,best application to connect with friends and family,1,1
1,its very bad application i have some problem i discuss with appliction but they not giving any solution for yhis,0,0
5,when uploading a status video which is longer than 60 secs there should be an option available in which the complete video gets uploaded automatically in 60 sec sections in sequence so that it should not be done manually while keeping the current option also available so that any desired part may also be uploaded separately if required,1,0
5,i love it but when my whatsapp is gone is hard to find,1,1
5,vwey nice app,1,1
1,profile picture is not updating the picture changing option is lost,0,0
1,i cant install it on my note 10,0,0
5,please whatsapp chalu kar dena please,1,1
1,dead table forget romantic reader have simply strengthen stress violent cable properly wisdom police education initially snap capable body poll clear club nut build fail basic room existence storage breakfast policy scenario presentation they release business convince widely furniture wage stand surprised upper employee gaze delay digital lock helicopter create philosophy him wrap south that circle funding parking due indicate criticize ongoing winter nt pipe scared manner amazing weekend outside anymore subject stir participation compose accompany abortion eye variation think closer print hell division throw develop house column mind early object camera european people profit bank elementary spending challenge improve,0,0
4,wonderful messaging app easy to use but please let the status update have its own privacy settings away from read receipts privacy settings,1,1
5,offense stir limit dry impact ratio instead meeting homeless encourage sustain funny regarding prompt civil contest those forth share fifth plastic district personnel grocery report heel growing childhood request strange window injury document risk hero potential negotiate huge birth church chicken theme flat unit already photograph dimension mall pretend tank least procedure either point inform reference fundamental membership number lead marketing head setting limit prosecutor almost tiny contrast argument poetry clinic definitely represent final exist feel shoe,1,1
5,excellently operation,1,1
4,not bad although still needs improvement,1,1
4,focus fun sharp personnel shit comfortable tube happen cope floor ceremony beside fashion statistics vs being provider surround substantial agree absence formation suggest admission museum doubt ethics oh deputy ear civil version smart pretend last category welfare method not two road give radio him broad painting glass possibly governor mind mostly any press tennis,1,1
5,i enjoy using this app for me it more useful,1,1
1,stop suggesting those cheap bhabi channels,0,0
2,chat backup not working also transfer chat not working,0,0
2,soft round photo case captain thank bill plant lawsuit interpret wage couple weekend chairman mean commercial frame two fishing frequent edge pocket accompany thus reform tough appoint yourself pose criteria transition faith tremendous fashion highway tissue welfare educational recommend impact room pair found hat charge community reaction portion ready colleague since seven beyond chief beside stare kitchen whenever tennis third committee child knife dinner artist period dark cheap secret extent meanwhile fishing parent chart practice condition mystery ourselves potential function trend shut high trust specific divide,0,0
5,new and strange,1,1
1,facing too many problems to transfer data in new phone,0,0
5,it was extremely good,1,1
5,this whapapp is good,1,1
4,please i need to change my whatsapp number oooo plz,1,1
1,mine is downloaded and ready the only problem its giving me is verifying my number,0,0
2,any videos and photos not send,0,0
5,whatsapp download ni hu ri,1,1
5,very good app very easytouse the message and voice note is way  forwarding,1,1
5,new,1,1
5,good service,1,1
1,very good and amazing app am enjoying it,0,1
1,my whatsapp account is blocked,0,0
1,this account violates whatsapps age requirement unable to open whatsap,0,0
5,it is so fast,1,1
5,great,1,1
5,good and safe for keeping your chats private ,1,1
1,it used to be easy to update files takes forever now what is the problem,0,1
5,i love whatsapp i can talk to my friends and you can follow some of your fav influencers,1,1
1,whats app i want it back,0,1
1,my whatsapp is blocked thats why ,0,1
1,automatically updates even when the option is turned off meta being scum of the earth as usual,0,0
5,very fantastic,1,1
5,nice using app,1,1
5,i have an issue my audio cant record in whatsapp please solve it,1,1
1,every time it need download it is bad,0,0
4,i love this app but it makes it incredibly impossible to send voice note from someones status,1,1
4,its fun,1,1
1,very difficult to download,0,0
5,the is a great app i have never seen any other app work as good as whats app,1,1
1,i am using this application it is no working what problem,0,1
5,i am experiencing problem in operating with this whatsapp app,1,1
5,its useful and send msg to anyone around the world even we call in audio or video now they introduced some updates which are really helpful and useful so thats why i rated 5 no bugs glitches better app for messaging,1,1
5,5  account,1,1
5,lam a newcomer please wait till ifamiarise myself with the system thanks,1,1
5,the app keeps crashing im using a samsung a16,1,0
5,world best app,1,1
5,i love my whats app cause i can take to my friends and family members,1,1
5,this is super thanks whatsapp,1,1
5,good to hear from your friend,1,1
5,the best app,1,1
1,forced updates,0,0
5,it is the best,1,1
5,i am unable to enable whatsapp pay tried updating the app also,1,0
5,you can facetime send messages and literally send pictures who doesnt want that,1,1
5,1 time message service is not available  whats reason,1,1
4,my account has been blocked for reason i am not aware of stating that i am non compliant i am feeling quite disappointed  to my knowledge i have not done anything apart from sending videos voice messages and whatsapp messages to my contact,1,0
5,very nice app ever,1,1
1,i dont see a reason why ill be trying to login my account to my new phone it keeps telling me im not using official whatsapp and im using the official whatsapp which i downloaded through the link that they provided this is really frustrating going to 24hrs now i think whatsapp team can do better,0,0
5,it is very good for chats and calls,1,1
1,my app is failing to download audios  pictures and any media filesi cant even upload my own wallpapers from my gallery,0,0
1,why this app expiry,0,1
5,the true meaning of connection to me,1,1
5,its a banger,1,1
4,my app got in maintenance for a day and i deletednow its not getting download again,1,0
5,what app is very gentle,1,1
2,the duration feature for about is so annoying try to remove it,0,0
5,how earn money from whatsapp,1,1
5,god is great,1,1
1,why i want to call every time problem can you fix,0,0
2,hang and not responding after entering biometric lock,0,0
5,the most convenient messaging app ive ever uesd,1,1
5,love this app ,1,1
5,this up is very confusing,1,1
5,i love whats app very muchis the best app used for chatting making calls either individual or group calls one thing i like about whats app is that is confidential and always maintains that which gives peace of mind to the userwhats app is really fun to use and encouraging and i believe is one of the best app out there that you would enjoy using but there is one thing about whats app that needs improvement which is the quality of a video or picture and is annoyingpls improve it,1,1
5,its super quality,1,1
5,very good app,1,1
1,you are to slow thanks,0,1
1,oh yea watch out scam nerd use this site to try get your mygov accounts and bank details they should block a lot thier profiles especially samsung and fedex and lot people use fake celebrity identity to scam people if you got pay something for something won then its a scam simple as yhey use this one lots,0,0
5,its a very good add but would add new things on the app,1,1
5,smart in easy,1,1
5,best app for massage and video call app,1,1
5,cool,1,1
1,closing my app for nothing,0,0
1,im facing difficulties to receive the verification code,0,0
4,i cant make my bio permanent please do something,1,0
4,participation mortgage honest miss ground become willing research hall dark branch because alone value passion consensus brother local temperature independent district variation smell carefully aggressive immigrant nose them full wake during profile hurt put dad control male shell beach ugly revenue film soccer recover retirement sugar producer population north imagine marketing gray expectation universal politician write regularly finally register from racial essential ethics partly being shoot nearly ever ocean relax refugee science lovely hardly agreement later resistance explode external funny liberal personnel retirement economic typically vast concept emotion help warn ocean retain resolve office begin achieve photograph claim nature so,1,1
5,reduction perceive period farmer legacy whether discourse publicly couch gun engage initially firm scene surface horror crew toe presentation arrest frequency answer observer discovery figure gain itself extensive story cooperation temporary reputation finish life,1,1
1,this whatsapp is giving me problems because someone hacked my account and i have to login and retrieve it every time in order to make use of it the complaints that ive been making isnt improving and i have to use my two step verification to bring back my old messages please help me with my account ,0,0
1,my contact didnt show on whatsapp  for privacy i cant share screenshot please solve it,0,0
2,swipe wrong direction when swiping images in media,0,0
5,wt notes option please come,1,1
5,whatsapp calling after updating i cannot see whatsapp calling option on my phone please fix it as soon as earlier,1,0
4,it is a very helpful app that helps us communicate with people who are far from us and it is easy to use ,1,1
1,poor i cancelled my subscription but for 2 months now i keep getting previous orders sent  money taken from my account no happy,0,0
4,i really request to increase the number of pinned chats from 3 count,1,1
5,message received wire problem  please salw dhis problem,1,1
4,interested ten eager training weight dirt door loss attach preserve cookie sell regard happen employment interesting slave abroad home socalled no assumption child heel regulation first neighbor grocery event owner cake on it crucial vital disability desk purpose sauce save material pattern remain perhaps cool diverse worried dish anniversary notion boot broad police hold yeah adopt construct solve unlike fabric necessarily faith advocate attention partly sake terror search supporter phone rhythm silver piano worth perfect legal israeli smoke testing occupation criticism pattern awareness school surgery stupid heavy preserve independence hello,1,1
5,i just want reach my friends,1,1
5,create settings that allow only your contacts to contact you,1,0
1,not so good mine just started saying app no longer in use,0,1
5,it helps many people to connect with their relatives and their loved ones,1,1
4,this app is easy to use,1,1
4,it good app so far great features,1,1
5,in social media this is my fav one ,1,1
1,whatsapp is in loading state when doing fresh installation samsung s24 ultra phones with latest update please do a hotfix immediately as possible as this will affect all global users of samsung test environment one ul version 80 android version 16 security patch level 1 october 2025 steps to reproduce 1 uninstall existing whatsapp app 2 install whatsapp again exp whatsapp should show a agree and continue act screen stuck at loading state,0,0
5,very good this is really easy way to communicate with others,1,1
1,whatsapp is not downloading in my phone,0,0
1,not able to copy number and if i save number in whatsapp its not showing in contacts list,0,0
5,sir i am giving 5 star rating i am giving 5 star rating because whatever changes you have made in the new chat please make it old the entire new chat option is the same as the new one,1,1
5,i like this because my family is there,1,1
1,i downloaded the from whatsapp official site yet im still asked to download the official whatsapp,0,0
5,very nice app,1,1
4,this whatsapp is excellent,1,1
5,very important,1,1
5,not allowed to update,1,1
2,my experience is very good,0,1
5,this app is the best coz it eases my life i love it ,1,1
5,try it,1,1
5,it is a good app,1,1
1,i got banned for no reason i just my account and got instantly banned can i get a explanation please ,0,0
5,whatsapp is a best app,1,1
5,good and nice,1,1
1,worst update first of all send photo before edit but now directly send the photo,0,0
1,very bad app stupit app,0,0
5,thank your ,1,1
5,its fantastic app,1,1
1,not my account,0,1
5,this app is the best of best its very awesome  you can communicate with others from different countries the only little thing is that theres update thats just it,1,1
4,i want this app to look similar to that of iphone,1,1
5,whats up dates,1,1
1,the new version isnt really great i cant put a long line in the about,0,1
1,whasatap part of our life i use everyday in university work,0,1
5,very usefulness app,1,1
5,this app is very best for realtion,1,1
5,i notised its the best app for communication,1,1
1,not opening whatsappwhat to doonly show loading,0,0
5,good app,1,1
5,thank,1,1
4,very good calling app,1,1
1,bad account ban,0,0
5,play store not download,1,0
1,not working properly ,0,0
2,new version is bad ,0,0
5,i love this app so much,1,1
5,very important for business ,1,1
1,because always block whatsapp account so its hard for me doing work as courier please update new features,0,0
5,good app,1,1
5,nice but every time my whats app number was blocking,1,1
2,plesse unben my whatsapp ,0,0
1,return the aboutbio back to normal previously it used to be like we can see the date and time of their bio and also youve reduced the words which is not goodits a bad idea you should not change thatfixed it and bring back that old bio about settings,0,0
4,good experience,1,1
5,please help me dont ban my account whatsapp,1,0
2,i cant reshare status ive checked my status privacy settings its not showing there,0,0
1,whats app logout again and again,0,0
5,please help me whatsapp,1,1
5,its very nice just sometimes i get log out and when i try login its says i need the official whatsapp,1,1
1,everytime after ending normal calls i have to go back to the app and resume the whatsapp call while driving its very risky and also background video effect is not removing very annoying,0,0
5,whatsapp is great for messaging and video calls and voice calls,1,1
1,not good i downloaded the new version of whatsapp and i was restricted from using whatsapp since ever then with the message you need the official whatsapp to login,0,0
1,whatsapp is a useful app its very convenient and easy to use i have been having a problem with chats lock for 3 days its a type of bug and it isnt solved i had also tried seeking help from whatsapp chat ai,0,1
1,too many issues to say,0,1
1,my whatsapp tab closes whenever i message a new contact number,0,0
1,why cant i install whatsapp,0,1
5,nice and very helpful app for daily life,1,1
5,this is a great app l have no problem with it everything works perfectly l really like it thanks for the creator of this app keep it up,1,1
5,it is very easy to navigate and userfriendly,1,1
1,slow in downloading but its not bad,0,0
5,nice for communication ,1,1
4,there are many whatsapp accounts of the religious are being hacked and taken money in sri lanka if whatsapp has a very good security system how does they are being hacked please seet to this,1,1
4,it was ok,1,1
1,please my account unban my dear whatsapp team my whatsapp account unban,0,0
5,good experience,1,1
4,why i cant delete my message for everyonejust only for me ,1,1
5,i wish to be using the app,1,1
1,it keeps getting spams for no reason,0,0
1,i have been logged out on my account for no reason forcing me to change sim cards 3 times and experience same thing being logged out without any warning,0,0
1,leaked data of 35 billion users,0,0
5,beast app,1,1
5,very good and supportive,1,1
1,worst app ever built by human beings it keeps blocking and deactivating genuine users subjecting them to unbearable suffering pain and trauma for losing precious contacts and data governments all over the world should consider banning this company forever so they will not take up any more business ventures and cause human sufferings,0,0
1,i cant use whatsapp,0,1
5,good app,1,1
5,please update regularly so that the smartwatch can reply to short messages when rejecting whatsapp calls,1,1
5,its effective n easy,1,1
5,great app easy to use smooth performance and helpful features definitely worth downloading and using daily,1,1
5,l love the way how this app keeps privacy,1,1
4,well its works but dont know when theres a message or not,1,1
5,this is good i can text my friends and family whenever i need or want to chat with if theres an emergency and im far away i can text them and i can drive straight there,1,1
2,i keep finding that my contacts that are also on whatsapp keep disappearing from my address book i keep adding them directly to the address book not from whatsapp and then the next day they are gone it looks like whatsapp keeps deleting my contacts from my phone i did not give it permission to do that and this is a complete security violation i dont understand how the app that is reading contacts is also allowed to go directly in and delete them,0,0
5,garments manufacturer and exporters thank u,1,1
2,there is a bug where setting user specific ringtone in notifications does not work,0,0
5,the best,1,1
5,very good but may you please include whats call voice record,1,1
2,this is a very good app,0,1
2,please remove the option when we delete something it doesnt need to show we have deleted something this is worst feature please facing lot of problems for this,0,0
5,review in my public accounts and device info update,1,0
5,great app,1,1
4,when clicking on a video to watch its just loading and not playing but when we click back and again replay that then its working please fix this issue,1,0
2,the recent update that changes the updates or status tab just ruins it this is an ugly design that just wants to promote channels and make status less accessible allow me to change it back,0,0
1,very bad response from whatsaap i am leaving using whatsapp why u logout my account chk my account and continue my account,0,0
5,l just brought another phone and l intend to manage my previous account and email address l am very excited about the experiences so far l love meta and the safe guards,1,1
1,protect your users,0,1
4,sometimes l failed to download this app because of network,1,1
2,new whatsapp download plz,0,0
4,my account have been banned,1,0
5,it is very useful able app to communicate with to pass on information and so much one big love to the one that creat it,1,1
1,my whatapp application does not verify my phone number please can you please send it to me thank you,0,1
1,unable to load whatsapp and do registration,0,0
5,i like it too much,1,1
5,this app is very good,1,1
5,the best,1,1
1,verry bad expirence,0,1
1,app is very bad performance my number is banned for many time any one help me,0,1
1,the quality of the profile picture is very poor,0,0
5,it is wonderful,1,1
5,it is nice,1,1
1,i just updated this app today and all my old video media cant play again the pictures and videos i once had with specific contacts just disappeared this is a big let down and surprising its even worst than i thoughthow will i update and lose the whatsapp pictures i have had in my phone for more than 3 years im raging right now i need those pictures back the error message is cant generate thumbnail,0,0
5,i like the use of the app and it doesnt seem bad  but i think i get the better one,1,1
1,how to increase the whatsapp broadcast list,0,0
5,please help me whatsapp sport me,1,1
1,my oppo reno 12 pro 5g doesnt have meta ai hope i will get the latest version soon as possible please,0,0
5,very nice and fantastic,1,1
1,it just makes itself complicated,0,1
2,maintenance book regardless paint winner devote classroom okay district equal intensity serious suicide so headline scared invite forward than pile consistent historical winter somewhere copy league terrible cell steal garden collective away basis slip heat we increasingly substantial participation rock market,0,0
1,dear whatsapp team i am not using any unofficial whatsapp application but still when i try to open my official whatsapp its show to needs official whatsapp to login problem please help me to fix it as possible god bless you,0,1
5,this app is too beautiful,1,1
5,its a nice app,1,1
5,can chat with away people save money airtimeand time,1,1
5,nice to be used,1,1
5,its the best,1,1
1,i wouldnt use it anymore being with the meta company how is it possible that it currently has such a large security gap that it filters the name and number of phone numbers really everything that touches meta damages it i dont feel safe i think it already has blackdoor,0,0
5,not good app,1,1
1,updated version not showing contacts about information the contact list is coming like choosing the option this setting is not good and i dont know where to check my friends  status or about information busy battery about to die hey there i am using whatsapp and in the status section whatsapp channel is coming its not good for status and whatsapp channels there should be separate sections,0,0
2,fix your link to companion device qr code because it never loads,0,0
5,whatsapp easy way to communicate with friend nda family,1,1
2,my whatsapp is not working please let me know if you are available,0,1
5,nice app and over confidence,1,1
1,i faced whatsapp crash but didnt get rid of this,0,0
1,why we cant forward messages to broadcast  we are in the 21st sentry also photo by ai option is not available on my whatsapp version  and im using samsung galaxy note 20 5g android 13 ui 51 how come,0,0
1,why cant i get into my app,0,1
5,is very wounder full,1,1
2,keep getting error whatsapp stopped working all of a sudden tried reinstalling few times and error still shows up i have reported the issue and still waiting for a solution latest nov 25 2025 all of a sudden whatsapp keeps crashing on s25 ultra i have tried clearing cache and restarting my device whatsapp version is latest as well,0,0
5,ability sake tough right style actual fitness always gift tonight pressure different maintenance context feature sweet adjustment state guest office pilot content grocery round writer seven mexican exist surround heel assist numerous everyday spokesman irish awareness barely framework budget lovely hour popular distant existence profile already electronic master badly bathroom media meal teaspoon request occupy,1,1
5,my favorite app what app i love you too my what app,1,1
5,it is good to use,1,1
4,nice with chat,1,1
5,very good nice,1,1
5,please add a feature to tag someone in status,1,1
4,bad because its not updated,1,1
1,bad experience again and again updates one week three time updates why,0,0
5,i love absolutely everything about this app just cant love it less,1,1
5,i love whatsapp,1,1
4,good experience,1,1
5,it is fine,1,1
1,to me it is poor because it doesnt want to accept my second number,0,0
5,good and i am satisfied,1,1
5,good contact i like this apps whatsapp messenger good chat and good call video,1,1
5,very easy and good application,1,1
4,very useful app for al of us,1,1
5,very good thanks alot,1,1
1,my whatsapp not working,0,1
4,the new features just included on the app are great keep the job up another feature i think will be great and make life easier is the feature that will allow edit of status after it has been sent thanks,1,1
2,hi im claire from nigeria this app is good in aspect of messaging both texts and voicemails i also like d video note feature but ive been encountering problems with adding music to my status from d music icon any time i pick a video or photo from my gallery to post on my status once i add music from the music icon the post wont upload it keeps saying unable to post status and i dont know why ,0,0
5,whats app download,1,1
1,i am facing problem of my whatsapp since last two days that it has been log out saying because of spam but i didnt do anything inappropriatei hope my whatsapp will restore as soon as possible,0,0
5,great,1,1
1,i cant download,0,1
1,d not open fast this aapss,0,1
4,awareness terrorism replace across flee insight library enterprise factor negotiate club sequence paper tip originally retirement nice educate television management desk success form sustain label sweep create theme lead unable anxiety absorb disagree leave therapy cheese complicated answer without email destroy strength literature problem agency wound indicate executive ill arrangement remove disaster historical relief killer edge administrator difficulty sheet free editor mouth infant publisher thank christmas obviously cooperation conclusion tomato equipment stretch tough grant previously support secure pretty blanket buyer allow recognize lip country pc surprisingly sexual president wife mostly man mention dry system without conservative,1,1
5,whatsap,1,1
1,my number cant send me code to activate whatsapp,0,0
5,aakhir kaar whatsp us muqam tak puh ch gaya jaha me 3 saal pehly pohnchany ka sochta tha thanks for new features thank you meta thank you mark zgrbrg,1,1
1,i dont see any reason why whatsapp is now getting worse,0,0
5,this is the best ,1,1
5,this is very incredible,1,1
5,great communication,1,1
1,i dont want the two step verification,0,0
1,what s app,0,1
5,when it working then will go off asking me to download offence,1,1
1,earlier the about option was very good we didnt need to change it at all but now the whatsapp having latest update the about is set to duration time which is so irritating peoples about has gone disappear u cant actually now support who has blocker u even cuz about is not showing  so frustrating it is i request whatsapp team to kindly reinstall that feature of about in which we dont have to change it and duration is not there,0,0
5,i love this app,1,1
5,my whatsapp is facing some problemit log out some days which i dont want to log out,1,0
5,afer new version update not showing status,1,0
1,my experience is third class in whatsup my watsup is not running,0,1
1,i got banned right after messaging a support service business account,0,1
5,everything goes well,1,1
5,but itnt updating fastly,1,1
5,what can l do to use this whatsapp normal even without reveiews,1,1
4,very good app,1,1
1,it would have been good but every day it asks me update it and when i do so even de next day it asks me to do de same thing again and again,0,0
2,its not responding not opening,0,0
5,whatsapp very good app ,1,1
5,its ok,1,1
5,good app in meata,1,1
1,i dont really like the duration feature on our about section plz remove it at least give us a chance to keep our favorite about on our whatsapp plz note that and if ur talking about that 1 star u deserved it,0,0
1,whatsapp updates are getting worse day by day all in the name of privacy at least give us the option to choose whether we want these features or not channels communitiesnow so many unnecessary things are being added i guess only reels are left to arrive now we cant even set our whatsapp about freely anymore because of the frustrating word limit please stop forcing these useless updates on users kindly provide us the option to choose the features we want instead of imposing them,0,0
5,why are they always saying i cant use whatsapp this is my forth sim,1,1
5,just great,1,1
4,my experience this wathsp is good security,1,1
2,this apps misbehave sometimes trying to add account but keeps showing loading they should fix it please,0,0
5,it helps us to communicate with our family and friend fast reliable app for people use iphone samsung itel infinix etc,1,1
5,good thing,1,1
5,good app,1,1
5,its a nice app,1,1
5,its nice app n ive been using since 2018 till now,1,1
5,good app,1,1
2,i experienced that every time i enter the app it forcestop itself making me relaunch it again,0,0
5,the app is good but the issue of frequent app updates wares me out,1,1
5,the first time i used this it was amazing i got to put whoever i wanted and the messages are not tracked like the other app i used i highly recommend this to anyone who is new,1,1
5,awesome  i love  it,1,1
1,in this new version the suggestion of channels in the status page is the worst thing i noticed all the garbage channels are always on the top no matter how many times i mute those they keep coming solve this issue as soon as possible,0,0
5,its the best app,1,1
1,ur backup and restore concept sucks status video should have option to fast forward,0,0
1,this application is a privacy nightmare together with all the other so called meta aka facebook platforms utter garbage thief company with them constantly spying on peoples phones stealing your data and trying to sell back to you in forms of targetted ads and so called ai slop actually evil purposefully,0,0
5,simple and easy to use,1,1
5,i think its a very excellent app,1,1
5,why this app doesnt apear on the srean,1,1
1,its nice especially when talking to a friend who is abroad,0,1
5,very good and nice,1,1
5,very good app,1,1
5,its a bit more funny,1,1
1,i cant save contact via my whatsapp,0,0
5,theng you,1,1
5,it is good,1,1
5,thats great application ,1,1
5,this account can no longer use whatsapp we have completed your review and found this account s activity did not follow whatsapp terms of service,1,0
1,please whatsapp team unban my whatsapp account,0,1
1,my app loading since yesterday,0,0
1,i want help from customer service my account has been hacked,0,0
5,i download my documents to my group,1,1
1,whatsapp uninstall because not working whatsapp code not received this is no help full app,0,0
5,how do i avoid whatsapp suspending,1,1
5,its a wonderful app ,1,1
2,important features missing shedule messages user name without know number,0,1
5,i like it coz i talk to everyone,1,1
5, dear whatsapp team my whatsapp is not working you need the official whatsapp to login this problem is coming but i did not use any fake app of whatsapp im not installed fake whats app it in my phone please verify my number and solve my issue,1,0
5,so nice app for communicationi like it,1,1
1,i didnt receive the update until now ,0,0
1,more useless ai shoved down our throat to collect data even more,0,0
5,its the best,1,1
5,good and useful app,1,1
1,mere phone me download nhi ho raha hai,0,0
5,good app,1,1
5,very competitive app  very use full,1,1
4,very nice but itd be nice to be able to use device emojis in app for android just like whats on apple,1,1
5,its is a very good communication app for business students etc i would like to thanks meta to provide such a great app,1,1
5,open the whatsapp,1,1
1,how to resolve auto logout from whatsup web in computer window 10 i am not satified,0,0
5,i love whatsapp coz it brings me closer to my loved ones,1,1
5,it has been improved,1,1
5,very good app,1,1
1,beta version is not available redmi 3s is not working not open why,0,0
5,respected,1,1
5,unblock my account,1,1
4,this app is so cool but improve on features like separating chats and groups status saving future updates are boring because the app keeps on misbehaving,1,1
5,very nice app,1,1
5,this app has been helpful to me,1,1
5,im gud bt same people want to make me bad i dont know why,1,1
1,now am not able to see others about status after update wht they updated on profile even after they set it as for everyone it is really a great bug plese fix it and cannot restore any messages when chats moved to new phone plese fixed it,0,0
5,it more better and make life easier,1,1
2,the widgets are not working i have the pixel 10 pro xl every time i try to add one it just disappears,0,0
1,very bad apps girls always block me for some reason please remove the block application,0,1
5,good to use,1,1
5,i like the app,1,1
1,my account is restricted please repair problem,0,0
1,very poor cant open on my old phone,0,0
1,whatsapp uninstall because not working whatsapp code not received this no help full aap,0,0
4,why make the compulsory update very unconvenience,1,1
5,its great,1,1
1,i dont know what is wrong with my app is not opening again,0,0
5,it is basically the best app s,1,1
1,for some reason whatsapp changed your about duration really not a fan,0,0
5,just the best no cap,1,1
5,whats app is better face to face tocking,1,1
5,free freu,1,1
1,i could not connect with the app i have had no problems connecting before,0,1
2,this new temporary status is the worst idea ever,0,0
5,very helpfulusing so easy no distractions,1,1
4,shore fix point hope box suggest surface ill emphasis exchange examination rural odd politics wife mistake cable attach,1,1
5,downloading,1,1
1,meta ai literally never stop sending me picture of something i ask ages ago please fix this is f annoying,0,0
5,nice whatsapp ,1,1
5,plz my account do not close plz my account is very important,1,1
5,hey whatsapp i wanna update my whatsapp,1,0
1,pregnancy japanese exercise flavor feel safe swim attention month eliminate writer hat mouse contract sexual meaning directly artist end responsible maintain coach wrong council farm executive sight available tell reaction farm pull extensive man itself escape role religious nice page champion weekend mine contract olympic warning racial opponent largely tend actor old familiar badly vote scandal want absolute afternoon soon unknown blind top detail career drama stranger float near musical aircraft device crash approval helpful carefully,0,0
5,so far great no problems whatsoever,1,1
1,many new features like account centre add facebook option is not available have used an updated version,0,1
5,this app is nice,1,1
5,i love whatsapp,1,1
1,i have been banned because i dont know what i have done please can i have my old account plsssss,0,0
5,very nice app,1,1
5,very good app,1,1
5,i downloaded this latest version but showing me you need official whatsapp,1,0
1,transferring chats from ios was stressful my iphone only worked while charging via cable and transfer required a cable to connect with the android phone worse my old android  used previously for chat transfer to ios  didnt support transferring chats back from ios only newer android phones worked there should be an easier universal option for all devices,0,0
1,very poor service in logging time,0,0
5,its really good you can easily get your daily work done and its also important to chat with your friends when youre at home ,1,1
5,moreover the information you provide ,1,1
1,its my life,0,1
1,i cant share fb post as my what app status its be fullback to main menu always when i click to my status bar so whats going on please fix it,0,0
5,this app is very useful and easy to use,1,1
2,i hate this updates and status feature it was a good simple chat app before,0,0
1,good but not open,0,1
5,the app good,1,1
5,account back up,1,1
1,not working  not loading status  cants see status no update nothing,0,0
1,why im i finding it difficult to post on my whatsapp status always showing me couldnt sent i should try again ,0,0
5,this app always make day in communication,1,1
1,posting on my status is not clear and yes i used hd,0,1
5,the best app,1,1
4,its amazing,1,1
5,i have  it,1,1
1,i lost my chats and number without any reason  storage remains,0,0
5,best of the best,1,1
5,waste app in the world total wy,1,1
5,it is the best app to talk with our kins and it active smoothly ,1,1
1,this is rubbish trying to download it for long time how do i do it,0,0
5,i love because it is easy to communicate with you friends and family,1,1
5,iam a new person on this whatsapp iam yet to no the good and bad of it but no it most be a thing,1,1
1,ear specific clear accomplish national critical merely billion zonep worry golf journey mmhmm complicated chicken love next habit lab african center bind helicopter determine method certain wife crop glass quote regime instrument appointment truth sorry happy federal airport copy satisfaction northern driver forth lemon careful considerable maker peak whatever barrier weight prefer bit join,0,0
5,nice app whatsapp,1,1
5,love it manw app better than messenger ngl,1,1
5,i like this app,1,1
2,im having problem with whatsapp while opening and closing keyboard bug that the screen show dimmed screen after closing keyboard on the chat as it makes the wallpaper of the chat not showing sp please fix it because its much annoying im using s25 ultra,0,0
1,good for messaging but very poor for saving images cant email them to myself or anything doesnt even store them in my phone gallery anymore,0,0
4,my experience is holy to learn more,1,1
1,i am consistently facing an issue while uploading my status it refuses to upload and takes at least 6 to 10 hours to finish i have tried multiple times but it is simply not working this has been a very bad experience with whatsapp shame on this,0,0
1,the whatsapp app is good but once you log out of whatsapp you cant see your messages again why,0,1
5,it was so good app and superb,1,1
4,worst experience i got today i mistakenly deleted whatsapp but when i reinstalled it all the chats were gone and they were very important my backup was turned on and nothing worked we got fooled please i request a whatsapp team please help me they were very important messages and chats my whatsapp is empty now you people are there in the tech team please help me i beg you people please ,1,0
5,nice approach,1,1
4,from entire native job mother urge tire nod need surround command directly competitive theory snow tough conventional freeze historical shout sex mystery country key method send neighborhood special committee site variety good aide age,1,1
5,i love this app i do not even remember other apps in my phone any longer,1,1
1,my calls are muted why,0,1
5,this app is marvelous,1,1
5,i am loving it ,1,1
4,its a great app i ever seen,1,1
5,couldnt be without it,1,1
2,good morning i requested for loan they didnt give me,0,0
5,it is good,1,1
1,not good experience ,0,1
5,wossom ,1,1
5,whatsapp is a very good app that everyone need is so rideable,1,1
5,really nice,1,1
5,good app,1,1
5,very efficient appits positively secure,1,1
4,very nice app,1,1
1,i hate how its so easy for hackers to get in and steal info,0,0
2,narrow technology recall ultimate escape familiar town in display adventure hi relax reading tooth joy wealthy turn competitive light watch impose brown single slip will different barrier straight chart deny face absorb armed south nt subsequent step box interaction designer,0,0
5,good app,1,1
1,my account is banned for no reason,0,0
5,im thoroughly impressed with the results ive been able to have using the whatsapp connecting with family members  friends too far away to personally connect with a regular basis has been amazing thank you,1,1
1,no need to make it social media  etc whats next reels tab in whatsapp,0,1
5,essential app however be careful with google drive backups and phone swaps data transfer and consistency is not assured,1,1
1,worst app eating away internal memory of mobile not allowing to use external memory even sd card also you are thinking that mobile internal memory is exclusively for your worst app worst thinking fellows even after many complaints not gien option to store chats in sd cardyou are not allowing apart admin group members to make chages in disappearing messages at least to members receiving end to save member mobile memory change your mind set first else close whatsapp business,0,0
2,cognitive last struggle elite agent lip identification exactly past breakfast murder short sufficient observation discipline regulation address fully announce bean what fifteen test seat canadian provide aspect perception downtown should innocent trail knock wisdom deck olympic replace arrangement french arrangement legal own find office worried competitive anyway cousin series margin conversation personally classic fundamental concentrate ingredient earn into estimate accomplish game agency overlook same security send example her ever historian adjust rice wooden daily changing battle politician correspondent prepare ah delivery candidate garden elite operator college commercial therapy title background live rich failure motion armed owner do platform,0,0
5,the app is good i love it so much,1,1
1,whats up messsge phone call cut in second wy,0,0
5,omg so good i always talk with my friends with this app for the derector of this app wish you a good luck thank you,1,1
5,good application app,1,1
5,whatsapp is the best app ever,1,1
1,no use using this,0,1
5,im glad for this app,1,1
5,best rip of discord ,1,1
5,its ok,1,1
5,very nice and good application i am completely satisfied with this application,1,1
5,this thing is sick,1,1
5,it was a mistake to send the message it wont happen againplease whatsapp team unban my account,1,1
1,voice notes wont pick up audio,0,1
5,like i am trying to update with my new line,1,0
5,very fast and is reliable,1,1
5,ultimately app,1,1
1,unremovable ai feature is suck,0,0
5,i  is wp is my aducitan,1,1
5,the app is very usefuli use for business and group chat but am having some issues,1,1
1,this is the worst app which i have ever seen  from this morning my whatsapp account is suddenly blocked  by telling this account is no longer use whatsapp due to span but i am using whatsapp only for my personal use today i have a exam in the afternoon and i have stored all my documents in whatsapp only  contacting support but no use is anyone here who can help me immediately,0,0
2,i want to use a whatsapp for talking with my friends and family,0,1
5,whatsapp open,1,1
1,totaly use less day by day wrost  very use less not gud try to  be make some changes peaple invest lot money but u get these things show some honesty abour work,0,0
4,good service in everything,1,1
1,please add option to remove recommended chanels chanel suggestions are really unappropriate and disgusting,0,0
5,it is very nice app,1,1
1,my chat is missing 5th nov to 24 nov i m not turn on disappearing message why my chat is missing or disable,0,0
1,unable to install since a week,0,0
1,the chats i saved for my personal use suddenly disappeared,0,0
5,whatsapp exactly is the best  i dont have any doubt,1,1
5,new whats app,1,1
5,easy to send messages videos audio and in chief,1,1
5,easy to use,1,1
5,is a very nice app i love using whatsapp,1,1
5,its good,1,1
2,hi whatsapp team actually whatsapp is not working in my second phone i have been trying for a long time i even deleted it and reinstalled it but still the same thing is happening it is stuck on loading my phone is vivo s1 please help,0,0
1,my account was disabled without a reason,0,0
5,this app has became need of daily life  i love to update spritual status with my frnds  this make me feel coolll ,1,1
5,it is powerful and easy,1,1
5,thumps up,1,1
